timestamp,energy_kwh
2025-01-01 00:00:00,8.993428306022466
2025-01-01 01:00:00,7.72347139765763
2025-01-01 02:00:00,9.295377076201385
2025-01-01 03:00:00,11.046059712816051
2025-01-01 04:00:00,7.531693250553328
2025-01-01 05:00:00,7.531726086101639
2025-01-01 06:00:00,11.158425631014783
2025-01-01 07:00:00,9.534869458305817
2025-01-01 08:00:00,42.65262807032524
2025-01-01 09:00:00,62.712800217929825
2025-01-01 10:00:00,42.68291153593769
2025-01-01 11:00:00,42.671351232148716
2025-01-01 12:00:00,46.20981135783017
2025-01-01 13:00:00,35.43359877671101
2025-01-01 14:00:00,36.375410837434835
2025-01-01 15:00:00,42.188562353795135
2025-01-01 16:00:00,39.93584439832788
2025-01-01 17:00:00,46.57123666297637
2025-01-01 18:00:00,40.45987962239394
2025-01-01 19:00:00,15.763088895994127
2025-01-01 20:00:00,24.39694630676466
2025-01-01 21:00:00,19.322671098540393
2025-01-01 22:00:00,20.20258461406377
2025-01-01 23:00:00,5.150503627573086
2025-01-02 00:00:00,6.911234550949635
2025-01-02 01:00:00,8.221845179419732
2025-01-02 02:00:00,5.698012845155395
2025-01-02 03:00:00,8.751396036691343
2025-01-02 04:00:00,6.7987226201623905
2025-01-02 05:00:00,7.416612500413446
2025-01-02 06:00:00,6.796586775541206
2025-01-02 07:00:00,11.704556369017876
2025-01-02 08:00:00,44.93251387631033
2025-01-02 09:00:00,54.7114453552205
2025-01-02 10:00:00,49.11272456051594
2025-01-02 11:00:00,38.89578175014489
2025-01-02 12:00:00,46.04431797502378
2025-01-02 13:00:00,35.201649380601125
2025-01-02 14:00:00,38.359069755507846
2025-01-02 15:00:00,45.984306179345616
2025-01-02 16:00:00,48.69233289997705
2025-01-02 17:00:00,45.85684140594985
2025-01-02 18:00:00,44.4217585880588
2025-01-02 19:00:00,19.096688913232132
2025-01-02 20:00:00,15.564434028897718
2025-01-02 21:00:00,17.840467374815873
2025-01-02 22:00:00,18.618083687120638
2025-01-02 23:00:00,10.11424445243783
2025-01-03 00:00:00,8.687236579136922
2025-01-03 01:00:00,4.473919689274532
2025-01-03 02:00:00,8.648167938789591
2025-01-03 03:00:00,7.229835439167367
2025-01-03 04:00:00,6.646155999388083
2025-01-03 05:00:00,9.223352577681736
2025-01-03 06:00:00,10.061999044991902
2025-01-03 07:00:00,9.862560238232398
2025-01-03 08:00:00,40.80391238388681
2025-01-03 09:00:00,58.45393812074393
2025-01-03 10:00:00,46.65631715701782
2025-01-03 11:00:00,49.877725635611796
2025-01-03 12:00:00,42.60412881077355
2025-01-03 13:00:00,44.07170511668092
2025-01-03 14:00:00,39.468325129969855
2025-01-03 15:00:00,39.01896687959665
2025-01-03 16:00:00,49.06262911197099
2025-01-03 17:00:00,51.78120014285412
2025-01-03 18:00:00,44.63994939209833
2025-01-03 19:00:00,23.010598693676073
2025-01-03 20:00:00,21.084908075142902
2025-01-03 21:00:00,18.06464073618463
2025-01-03 22:00:00,21.084186816525243
2025-01-03 23:00:00,11.076073132931938
2025-01-04 00:00:00,11.928347921780096
2025-01-04 01:00:00,15.129287311628012
2025-01-04 02:00:00,6.760509791820511
2025-01-04 03:00:00,13.643805008750448
2025-01-04 04:00:00,12.174094136476343
2025-01-04 05:00:00,11.401985299068265
2025-01-04 06:00:00,12.183521553071005
2025-01-04 07:00:00,8.024862170798215
2025-01-04 08:00:00,11.560656224324976
2025-01-04 09:00:00,12.714225143023492
2025-01-04 10:00:00,14.955788089483033
2025-01-04 11:00:00,10.963459563452705
2025-01-04 12:00:00,10.383012794213625
2025-01-04 13:00:00,10.996485912830927
2025-01-04 14:00:00,13.830804235404148
2025-01-04 15:00:00,12.657502219319369
2025-01-04 16:00:00,10.940479592465923
2025-01-04 17:00:00,13.026534866226712
2025-01-04 18:00:00,12.194155098696081
2025-01-04 19:00:00,13.937289981065778
2025-01-04 20:00:00,10.595893812245295
2025-01-04 21:00:00,11.344675706804464
2025-01-04 22:00:00,11.215783693735684
2025-01-04 23:00:00,9.072970103735763
2025-01-05 00:00:00,12.592240554129152
2025-01-05 01:00:00,12.522110544359778
2025-01-05 02:00:00,12.010226913284923
2025-01-05 03:00:00,11.530825733249706
2025-01-05 04:00:00,9.169258515899172
2025-01-05 05:00:00,11.158709354469282
2025-01-05 06:00:00,11.31457096694646
2025-01-05 07:00:00,10.395445461556761
2025-01-05 08:00:00,11.677428576667982
2025-01-05 09:00:00,12.808101713629076
2025-01-05 10:00:00,15.77237180242106
2025-01-05 11:00:00,12.349155625663679
2025-01-05 12:00:00,12.515100781445529
2025-01-05 13:00:00,11.851108168467665
2025-01-05 14:00:00,8.162457569401917
2025-01-05 15:00:00,11.946972249101567
2025-01-05 16:00:00,12.120460419882052
2025-01-05 17:00:00,16.926484224970572
2025-01-05 18:00:00,11.615278070437755
2025-01-05 19:00:00,12.603094684667225
2025-01-05 20:00:00,11.930576460589513
2025-01-05 21:00:00,9.662643924760935
2025-01-05 22:00:00,14.285645629030041
2025-01-05 23:00:00,13.503866065373549
2025-01-06 00:00:00,9.582063894086094
2025-01-06 01:00:00,6.181225090410522
2025-01-06 02:00:00,10.805588621872198
2025-01-06 03:00:00,5.196297874415438
2025-01-06 04:00:00,9.17371418760054
2025-01-06 05:00:00,12.380911251619956
2025-01-06 06:00:00,6.0189273497386235
2025-01-06 07:00:00,6.867404540794456
2025-01-06 08:00:00,45.498256825438204
2025-01-06 09:00:00,57.482621729419
2025-01-06 10:00:00,37.24668284466934
2025-01-06 11:00:00,45.34281487403014
2025-01-06 12:00:00,39.688481431369475
2025-01-06 13:00:00,47.36796215317591
2025-01-06 14:00:00,40.402878828830985
2025-01-06 15:00:00,52.7496720250877
2025-01-06 16:00:00,41.08373353831882
2025-01-06 17:00:00,43.38969241897162
2025-01-06 18:00:00,49.06758608684835
2025-01-06 19:00:00,16.307407050698135
2025-01-06 20:00:00,20.68237980381239
2025-01-06 21:00:00,23.921428262847286
2025-01-06 22:00:00,15.177550296316317
2025-01-06 23:00:00,8.36926771706461
2025-01-07 00:00:00,8.519765588496847
2025-01-07 01:00:00,9.56364574355462
2025-01-07 02:00:00,5.526098578243836
2025-01-07 03:00:00,5.359086773831447
2025-01-07 04:00:00,9.043883131233795
2025-01-07 05:00:00,8.593969346466372
2025-01-07 06:00:00,8.500985700691754
2025-01-07 07:00:00,8.692896418993952
2025-01-07 08:00:00,41.59987639210755
2025-01-07 09:00:00,61.16126848580502
2025-01-07 10:00:00,46.46536236649341
2025-01-07 11:00:00,41.42824290986816
2025-01-07 12:00:00,54.328872555723784
2025-01-07 13:00:00,47.36916460455894
2025-01-07 14:00:00,39.04348251398676
2025-01-07 15:00:00,48.28276804316915
2025-01-07 16:00:00,40.126591648863396
2025-01-07 17:00:00,48.93542301871226
2025-01-07 18:00:00,50.79297789503702
2025-01-07 19:00:00,17.537953044944867
2025-01-07 20:00:00,22.890128387732965
2025-01-07 21:00:00,21.238342780809496
2025-01-07 22:00:00,22.46618047998347
2025-01-07 23:00:00,11.793585965307894
2025-01-08 00:00:00,7.509223767994259
2025-01-08 01:00:00,6.492527671285021
2025-01-08 02:00:00,6.220971140748953
2025-01-08 03:00:00,6.368379430069123
2025-01-08 04:00:00,7.845796581171792
2025-01-08 05:00:00,8.682303949633289
2025-01-08 06:00:00,8.553381598660039
2025-01-08 07:00:00,9.654366498072047
2025-01-08 08:00:00,45.065009459389536
2025-01-08 09:00:00,67.26767038578659
2025-01-08 10:00:00,43.67671583381022
2025-01-08 11:00:00,58.600845832948096
2025-01-08 12:00:00,48.128336738825034
2025-01-08 13:00:00,40.714212217918586
2025-01-08 14:00:00,39.645537509694435
2025-01-08 15:00:00,47.41236207621593
2025-01-08 16:00:00,43.88268607337075
2025-01-08 17:00:00,48.57000247046046
2025-01-08 18:00:00,47.366188122867726
2025-01-08 19:00:00,19.78151326202938
2025-01-08 20:00:00,17.459618845794786
2025-01-08 21:00:00,15.455458325942406
2025-01-08 22:00:00,18.660455143798938
2025-01-08 23:00:00,9.712797588646945
2025-01-09 00:00:00,8.428187488260408
2025-01-09 01:00:00,5.508522442576024
2025-01-09 02:00:00,8.346361851702364
2025-01-09 03:00:00,8.770634759457673
2025-01-09 04:00:00,6.232285127597734
2025-01-09 05:00:00,8.307450211891055
2025-01-09 06:00:00,8.116417436892
2025-01-09 07:00:00,5.714059404338753
2025-01-09 08:00:00,46.788936801741414
2025-01-09 09:00:00,62.803922631841175
2025-01-09 10:00:00,50.41525621587638
2025-01-09 11:00:00,50.26901026017451
2025-01-09 12:00:00,38.111653160214544
2025-01-09 13:00:00,40.310874800424386
2025-01-09 14:00:00,47.5751763360433
2025-01-09 15:00:00,47.56892975456105
2025-01-09 16:00:00,47.57523843153024
2025-01-09 17:00:00,64.26365745327361
2025-01-09 18:00:00,47.85445255346583
2025-01-09 19:00:00,23.406696920541798
2025-01-09 20:00:00,22.86200529047961
2025-01-09 21:00:00,21.954173753917395
2025-01-09 22:00:00,19.054192266078964
2025-01-09 23:00:00,9.517938440986535
2025-01-10 00:00:00,6.454349570924856
2025-01-10 01:00:00,7.526362786519982
2025-01-10 02:00:00,7.029272904341793
2025-01-10 03:00:00,8.163748278772646
2025-01-10 04:00:00,12.629317133347017
2025-01-10 05:00:00,4.265469614816504
2025-01-10 06:00:00,9.372520380749027
2025-01-10 07:00:00,4.774568257620697
2025-01-10 08:00:00,42.64034067105283
2025-01-10 09:00:00,65.44475298483684
2025-01-10 10:00:00,45.321400095477316
2025-01-10 11:00:00,39.61127611035347
2025-01-10 12:00:00,41.42348145370016
2025-01-10 13:00:00,48.39798874467338
2025-01-10 14:00:00,41.34816684141432
2025-01-10 15:00:00,46.08229294790988
2025-01-10 16:00:00,45.22785919951907
2025-01-10 17:00:00,41.74199826197091
2025-01-10 18:00:00,55.719720446626624
2025-01-10 19:00:00,21.901757066954033
2025-01-10 20:00:00,13.924572240027178
2025-01-10 21:00:00,20.559362944308283
2025-01-10 22:00:00,18.014640605694836
2025-01-10 23:00:00,9.704866669592448
2025-01-11 00:00:00,10.4149585231346
2025-01-11 01:00:00,11.770527117066202
2025-01-11 02:00:00,13.009974557960915
2025-01-11 03:00:00,13.731510388340244
2025-01-11 04:00:00,9.599407185888447
2025-01-11 05:00:00,11.330997528318104
2025-01-11 06:00:00,11.050109377678087
2025-01-11 07:00:00,10.693341534852577
2025-01-11 08:00:00,15.530908480562193
2025-01-11 09:00:00,12.80996342192191
2025-01-11 10:00:00,9.47823209132991
2025-01-11 11:00:00,13.835723894109552
2025-01-11 12:00:00,16.244312394025265
2025-01-11 13:00:00,14.064930521102294
2025-01-11 14:00:00,8.961260068091974
2025-01-11 15:00:00,11.031531854267497
2025-01-11 16:00:00,14.533822298373245
2025-01-11 17:00:00,10.584661068762438
2025-01-11 18:00:00,12.887638856292456
2025-01-11 19:00:00,13.549268106858673
2025-01-11 20:00:00,10.146139056843834
2025-01-11 21:00:00,11.8809492878764
2025-01-11 22:00:00,5.517465319861855
2025-01-11 23:00:00,9.95122471733142
2025-01-12 00:00:00,11.49486369721368
2025-01-12 01:00:00,9.504433636070301
2025-01-12 02:00:00,15.26482260786327
2025-01-12 03:00:00,9.139717244078735
2025-01-12 04:00:00,11.119911026606033
2025-01-12 05:00:00,12.261481154572182
2025-01-12 06:00:00,14.882546578132231
2025-01-12 07:00:00,9.128275697641122
2025-01-12 08:00:00,14.32632750430992
2025-01-12 09:00:00,12.020466122039174
2025-01-12 10:00:00,10.036982697904097
2025-01-12 11:00:00,12.92420694852654
2025-01-12 12:00:00,12.39811939114694
2025-01-12 13:00:00,10.79956624568241
2025-01-12 14:00:00,12.139604169980037
2025-01-12 15:00:00,11.22937280627648
2025-01-12 16:00:00,12.227034690502496
2025-01-12 17:00:00,13.324261349042093
2025-01-12 18:00:00,15.172033632290704
2025-01-12 19:00:00,9.524369002346301
2025-01-12 20:00:00,16.266066749312532
2025-01-12 21:00:00,8.095824400954996
2025-01-12 22:00:00,11.696429809928834
2025-01-12 23:00:00,13.176634412969154
2025-01-13 00:00:00,8.561983735470065
2025-01-13 01:00:00,6.754600960358813
2025-01-13 02:00:00,7.5837554992854495
2025-01-13 03:00:00,7.013998130682334
2025-01-13 04:00:00,6.821270486111577
2025-01-13 05:00:00,9.69920419404205
2025-01-13 06:00:00,8.714030971930095
2025-01-13 07:00:00,6.614180809478691
2025-01-13 08:00:00,49.49799937716625
2025-01-13 09:00:00,61.536497604383044
2025-01-13 10:00:00,49.0643105941948
2025-01-13 11:00:00,48.14814420961806
2025-01-13 12:00:00,40.85502494538964
2025-01-13 13:00:00,42.19909479901515
2025-01-13 14:00:00,48.73646802561631
2025-01-13 15:00:00,48.05185132716733
2025-01-13 16:00:00,44.89549203017926
2025-01-13 17:00:00,45.58663691654391
2025-01-13 18:00:00,51.388324478942124
2025-01-13 19:00:00,18.22528583349251
2025-01-13 20:00:00,21.641292143510114
2025-01-13 21:00:00,19.39342204269832
2025-01-13 22:00:00,19.34695639031834
2025-01-13 23:00:00,10.19755370397438
2025-01-14 00:00:00,9.65083269797606
2025-01-14 01:00:00,9.627019272001277
2025-01-14 02:00:00,10.610957614308658
2025-01-14 03:00:00,8.042007683265519
2025-01-14 04:00:00,9.363905942589927
2025-01-14 05:00:00,7.379466486813088
2025-01-14 06:00:00,8.648332704976884
2025-01-14 07:00:00,7.739713891264631
2025-01-14 08:00:00,45.48497982496359
2025-01-14 09:00:00,62.975785127184565
2025-01-14 10:00:00,40.908896583832636
2025-01-14 11:00:00,55.4619363784273
2025-01-14 12:00:00,39.96991309250149
2025-01-14 13:00:00,38.92905693606134
2025-01-14 14:00:00,50.79055436750034
2025-01-14 15:00:00,48.95831346981468
2025-01-14 16:00:00,48.12059908526078
2025-01-14 17:00:00,48.1417275463214
2025-01-14 18:00:00,44.93876613576543
2025-01-14 19:00:00,17.308236885542506
2025-01-14 20:00:00,20.22741367458118
2025-01-14 21:00:00,17.968514865463664
2025-01-14 22:00:00,22.925359200253254
2025-01-14 23:00:00,7.705885236995723
2025-01-15 00:00:00,6.349005606414977
2025-01-15 01:00:00,7.357228316694013
2025-01-15 02:00:00,8.82586290855125
2025-01-15 03:00:00,6.872550894392051
2025-01-15 04:00:00,6.355559208867137
2025-01-15 05:00:00,8.487374422983825
2025-01-15 06:00:00,8.489933142217446
2025-01-15 07:00:00,6.9861136492577405
2025-01-15 08:00:00,42.644808471908384
2025-01-15 09:00:00,61.160249686788184
2025-01-15 10:00:00,37.75957829251338
2025-01-15 11:00:00,37.962681128117225
2025-01-15 12:00:00,41.40777889373782
2025-01-15 13:00:00,43.932764241440765
2025-01-15 14:00:00,46.554537827990025
2025-01-15 15:00:00,52.37678108474776
2025-01-15 16:00:00,49.2882981160101
2025-01-15 17:00:00,44.20030735018287
2025-01-15 18:00:00,44.904918960486555
2025-01-15 19:00:00,16.992411906086573
2025-01-15 20:00:00,19.944460592022832
2025-01-15 21:00:00,19.134024083239584
2025-01-15 22:00:00,20.968155681014267
2025-01-15 23:00:00,6.345538112895354
2025-01-16 00:00:00,9.038693028482344
2025-01-16 01:00:00,11.065477826005155
2025-01-16 02:00:00,7.782479703086285
2025-01-16 03:00:00,8.803423444197882
2025-01-16 04:00:00,9.380287983422225
2025-01-16 05:00:00,7.197559056228328
2025-01-16 06:00:00,8.448184963620834
2025-01-16 07:00:00,8.02518480156359
2025-01-16 08:00:00,45.488380492744156
2025-01-16 09:00:00,56.134951080722665
2025-01-16 10:00:00,45.12255087129471
2025-01-16 11:00:00,47.48999145622725
2025-01-16 12:00:00,52.25571803897521
2025-01-16 13:00:00,49.79635413042603
2025-01-16 14:00:00,55.76591228755778
2025-01-16 15:00:00,41.16326218555975
2025-01-16 16:00:00,49.36160318360339
2025-01-16 17:00:00,45.91671002869176
2025-01-16 18:00:00,55.94901466608836
2025-01-16 19:00:00,17.575105143934547
2025-01-16 20:00:00,17.480834473457673
2025-01-16 21:00:00,18.201822063667933
2025-01-16 22:00:00,13.62831282707058
2025-01-16 23:00:00,6.948489956638478
2025-01-17 00:00:00,6.481734676892604
2025-01-17 01:00:00,8.300787572952416
2025-01-17 02:00:00,8.683511951554319
2025-01-17 03:00:00,11.752341678431772
2025-01-17 04:00:00,9.9008476763721
2025-01-17 05:00:00,6.846192688675194
2025-01-17 06:00:00,6.203170657303284
2025-01-17 07:00:00,8.983838343013012
2025-01-17 08:00:00,38.39883396489679
2025-01-17 09:00:00,69.15729382927177
2025-01-17 10:00:00,50.897200603606436
2025-01-17 11:00:00,42.65412173947647
2025-01-17 12:00:00,36.434327354545616
2025-01-17 13:00:00,51.76936187082706
2025-01-17 14:00:00,44.42730077373691
2025-01-17 15:00:00,51.18908155986731
2025-01-17 16:00:00,37.02786170602816
2025-01-17 17:00:00,42.00312488523114
2025-01-17 18:00:00,45.026218498590914
2025-01-17 19:00:00,20.140941781294227
2025-01-17 20:00:00,18.649803585562267
2025-01-17 21:00:00,21.868549797042498
2025-01-17 22:00:00,16.797138711852217
2025-01-17 23:00:00,7.715241029957413
2025-01-18 00:00:00,12.240591263423799
2025-01-18 01:00:00,13.028877668117499
2025-01-18 02:00:00,13.42322975617778
2025-01-18 03:00:00,9.750715816324261
2025-01-18 04:00:00,8.931771658528756
2025-01-18 05:00:00,14.555353643797018
2025-01-18 06:00:00,12.664628023959184
2025-01-18 07:00:00,10.503026926886893
2025-01-18 08:00:00,15.102303951045046
2025-01-18 09:00:00,12.231349268585717
2025-01-18 10:00:00,14.358594368127653
2025-01-18 11:00:00,12.135036962820218
2025-01-18 12:00:00,16.121495849763974
2025-01-18 13:00:00,15.510681684886409
2025-01-18 14:00:00,11.502071703041853
2025-01-18 15:00:00,13.94314190190871
2025-01-18 16:00:00,13.290751899170296
2025-01-18 17:00:00,14.737263115064698
2025-01-18 18:00:00,10.070153078839791
2025-01-18 19:00:00,13.372102919996879
2025-01-18 20:00:00,14.116848973699176
2025-01-18 21:00:00,8.482521027153771
2025-01-18 22:00:00,9.63348297466845
2025-01-18 23:00:00,7.921535644479799
2025-01-19 00:00:00,11.461186331110884
2025-01-19 01:00:00,13.435084511591924
2025-01-19 02:00:00,15.004714104192056
2025-01-19 03:00:00,12.148189560839551
2025-01-19 04:00:00,15.257231091142584
2025-01-19 05:00:00,9.239797083570217
2025-01-19 06:00:00,8.593235121289691
2025-01-19 07:00:00,11.888904602206763
2025-01-19 08:00:00,12.768130897878615
2025-01-19 09:00:00,11.934610503811815
2025-01-19 10:00:00,7.865115799920247
2025-01-19 11:00:00,11.821759920974424
2025-01-19 12:00:00,9.391060998990294
2025-01-19 13:00:00,13.339345097660077
2025-01-19 14:00:00,12.733196492193697
2025-01-19 15:00:00,10.120240427345289
2025-01-19 16:00:00,10.972266165326612
2025-01-19 17:00:00,9.881572956222097
2025-01-19 18:00:00,11.874641805453656
2025-01-19 19:00:00,13.910284641002477
2025-01-19 20:00:00,10.028547907328912
2025-01-19 21:00:00,13.008093031035688
2025-01-19 22:00:00,10.939484763255118
2025-01-19 23:00:00,10.414254335475311
2025-01-20 00:00:00,7.785939280090885
2025-01-20 01:00:00,5.929515355161252
2025-01-20 02:00:00,6.8927013893056355
2025-01-20 03:00:00,5.6042442148223035
2025-01-20 04:00:00,11.929450265832779
2025-01-20 05:00:00,8.070527103943457
2025-01-20 06:00:00,6.600548984014829
2025-01-20 07:00:00,8.427959821468445
2025-01-20 08:00:00,44.43835975154585
2025-01-20 09:00:00,58.89515200233389
2025-01-20 10:00:00,48.07083350021713
2025-01-20 11:00:00,48.787538550236526
2025-01-20 12:00:00,42.34749426194736
2025-01-20 13:00:00,42.1209087967766
2025-01-20 14:00:00,43.62474151424178
2025-01-20 15:00:00,33.49039417632208
2025-01-20 16:00:00,37.42404468900724
2025-01-20 17:00:00,51.83437133722262
2025-01-20 18:00:00,53.22483856750642
2025-01-20 19:00:00,19.252891881330864
2025-01-20 20:00:00,21.7296708891673
2025-01-20 21:00:00,20.93375046363061
2025-01-20 22:00:00,29.236642425365712
2025-01-20 23:00:00,10.239149822869154
2025-01-21 00:00:00,7.744164817038467
2025-01-21 01:00:00,6.088919118799149
2025-01-21 02:00:00,4.787107359484855
2025-01-21 03:00:00,8.406927271734446
2025-01-21 04:00:00,6.487298509431393
2025-01-21 05:00:00,5.155492580804651
2025-01-21 06:00:00,6.706854231514947
2025-01-21 07:00:00,5.8369039927712105
2025-01-21 08:00:00,53.43570817536282
2025-01-21 09:00:00,64.40819878474726
2025-01-21 10:00:00,44.960136793416915
2025-01-21 11:00:00,52.39972069445013
2025-01-21 12:00:00,45.386841538238095
2025-01-21 13:00:00,40.693578993358685
2025-01-21 14:00:00,52.61562038634828
2025-01-21 15:00:00,47.694550218423295
2025-01-21 16:00:00,39.81376922836772
2025-01-21 17:00:00,44.04830660958196
2025-01-21 18:00:00,40.62190873307621
2025-01-21 19:00:00,15.851600807106992
2025-01-21 20:00:00,22.778532642594925
2025-01-21 21:00:00,25.72824992141039
2025-01-21 22:00:00,15.804297278542577
2025-01-21 23:00:00,9.125938473381142
2025-01-22 00:00:00,6.698714861756346
2025-01-22 01:00:00,7.0257492324706075
2025-01-22 02:00:00,6.815212151522262
2025-01-22 03:00:00,6.272018460640368
2025-01-22 04:00:00,8.097043255889654
2025-01-22 05:00:00,6.3380997671779244
2025-01-22 06:00:00,8.540913651559677
2025-01-22 07:00:00,7.899523781101726
2025-01-22 08:00:00,43.80525976566795
2025-01-22 09:00:00,55.46218168979201
2025-01-22 10:00:00,42.116143347158335
2025-01-22 11:00:00,48.77695612912878
2025-01-22 12:00:00,47.504585938121906
2025-01-22 13:00:00,40.11222377600724
2025-01-22 14:00:00,45.49666152714613
2025-01-22 15:00:00,48.75693561685895
2025-01-22 16:00:00,36.652973594393146
2025-01-22 17:00:00,47.71680096189967
2025-01-22 18:00:00,41.686881205270765
2025-01-22 19:00:00,21.711796005779476
2025-01-22 20:00:00,17.710222530372448
2025-01-22 21:00:00,14.585353698006443
2025-01-22 22:00:00,15.117372686350512
2025-01-22 23:00:00,8.096169893322765
2025-01-23 00:00:00,8.519445003442964
2025-01-23 01:00:00,6.191366749791182
2025-01-23 02:00:00,9.277184917554749
2025-01-23 03:00:00,4.67695987546208
2025-01-23 04:00:00,7.867840402705367
2025-01-23 05:00:00,5.577967600475087
2025-01-23 06:00:00,6.696327784395682
2025-01-23 07:00:00,8.094797342632829
2025-01-23 08:00:00,40.69793317358024
2025-01-23 09:00:00,58.077222278850876
2025-01-23 10:00:00,50.0314640460722
2025-01-23 11:00:00,42.115540652384254
2025-01-23 12:00:00,49.17846056032571
2025-01-23 13:00:00,39.35146572671191
2025-01-23 14:00:00,47.64902088957641
2025-01-23 15:00:00,52.207843103289505
2025-01-23 16:00:00,32.641777499363556
2025-01-23 17:00:00,41.015523722647615
2025-01-23 18:00:00,47.8853606359027
2025-01-23 19:00:00,19.39086384187102
2025-01-23 20:00:00,21.113437620113928
2025-01-23 21:00:00,18.18804443985254
2025-01-23 22:00:00,20.259769362418698
2025-01-23 23:00:00,7.688645529215841
2025-01-24 00:00:00,10.335564123319614
2025-01-24 01:00:00,8.508841686602427
2025-01-24 02:00:00,8.675205324150404
2025-01-24 03:00:00,7.1762460677550655
2025-01-24 04:00:00,7.024787551855013
2025-01-24 05:00:00,7.134883624360758
2025-01-24 06:00:00,8.788904284756594
2025-01-24 07:00:00,7.158031038359474
2025-01-24 08:00:00,46.448874284482066
2025-01-24 09:00:00,70.37700399322719
2025-01-24 10:00:00,49.35562351715846
2025-01-24 11:00:00,43.369882339160796
2025-01-24 12:00:00,51.00606961081972
2025-01-24 13:00:00,42.95962313489224
2025-01-24 14:00:00,34.80937732411073
2025-01-24 15:00:00,39.95956844541298
2025-01-24 16:00:00,35.646040394870724
2025-01-24 17:00:00,43.24243257979346
2025-01-24 18:00:00,45.09209189594776
2025-01-24 19:00:00,25.02931193682585
2025-01-24 20:00:00,20.98078212129249
2025-01-24 21:00:00,19.34269841357341
2025-01-24 22:00:00,22.488216743550467
2025-01-24 23:00:00,3.5777293819842297
2025-01-25 00:00:00,12.471229116217131
2025-01-25 01:00:00,13.541730387773933
2025-01-25 02:00:00,9.042827508440316
2025-01-25 03:00:00,14.287508086413858
2025-01-25 04:00:00,12.676992814988829
2025-01-25 05:00:00,11.169424172198397
2025-01-25 06:00:00,13.26556373221257
2025-01-25 07:00:00,16.54138571560879
2025-01-25 08:00:00,12.363732510116991
2025-01-25 09:00:00,12.496441172600672
2025-01-25 10:00:00,11.081278200919511
2025-01-25 11:00:00,10.300311261070416
2025-01-25 12:00:00,13.66067163308849
2025-01-25 13:00:00,10.287832348182265
2025-01-25 14:00:00,12.143132474438785
2025-01-25 15:00:00,11.044685106469768
2025-01-25 16:00:00,12.957959651492784
2025-01-25 17:00:00,12.667324210573897
2025-01-25 18:00:00,14.075079888515798
2025-01-25 19:00:00,10.979967202290506
2025-01-25 20:00:00,11.460250129413257
2025-01-25 21:00:00,10.042472568435386
2025-01-25 22:00:00,11.111413479847776
2025-01-25 23:00:00,12.754600986089704
2025-01-26 00:00:00,13.513977233290703
2025-01-26 01:00:00,10.155669351644748
2025-01-26 02:00:00,13.73921184021132
2025-01-26 03:00:00,14.711275717609901
2025-01-26 04:00:00,12.826869806447402
2025-01-26 05:00:00,15.753591625116131
2025-01-26 06:00:00,10.452421601792853
2025-01-26 07:00:00,9.510690593377166
2025-01-26 08:00:00,8.442559502191443
2025-01-26 09:00:00,14.992088622978367
2025-01-26 10:00:00,13.308731312708115
2025-01-26 11:00:00,11.88883065817909
2025-01-26 12:00:00,12.55993725263964
2025-01-26 13:00:00,9.749021905403247
2025-01-26 14:00:00,16.891503959233653
2025-01-26 15:00:00,12.258442363950454
2025-01-26 16:00:00,12.218789589209786
2025-01-26 17:00:00,13.451533247797384
2025-01-26 18:00:00,12.962018463473427
2025-01-26 19:00:00,12.447768048558263
2025-01-26 20:00:00,10.419051089109375
2025-01-26 21:00:00,12.942936714271992
2025-01-26 22:00:00,15.764048992950068
2025-01-26 23:00:00,14.690840092309955
2025-01-27 00:00:00,11.186373253278795
2025-01-27 01:00:00,6.9775686471376295
2025-01-27 02:00:00,6.020790359482838
2025-01-27 03:00:00,7.748426159800704
2025-01-27 04:00:00,8.11144982457739
2025-01-27 05:00:00,10.188383036941897
2025-01-27 06:00:00,4.615070740570362
2025-01-27 07:00:00,11.059100638921228
2025-01-27 08:00:00,44.20996050710505
2025-01-27 09:00:00,57.8655946502629
2025-01-27 10:00:00,39.93947812369916
2025-01-27 11:00:00,36.72571664067115
2025-01-27 12:00:00,49.11585291980957
2025-01-27 13:00:00,45.36658983594202
2025-01-27 14:00:00,38.55019550129473
2025-01-27 15:00:00,38.52460613968192
2025-01-27 16:00:00,43.32107650354936
2025-01-27 17:00:00,53.34510762644696
2025-01-27 18:00:00,43.702043243181976
2025-01-27 19:00:00,15.490571140645681
2025-01-27 20:00:00,19.262770807742168
2025-01-27 21:00:00,19.181829290756987
2025-01-27 22:00:00,11.909340071175285
2025-01-27 23:00:00,7.8914102669643755
2025-01-28 00:00:00,7.538130939582644
2025-01-28 01:00:00,9.392412729626837
2025-01-28 02:00:00,11.69791218989069
2025-01-28 03:00:00,10.253130059095515
2025-01-28 04:00:00,7.462222618890339
2025-01-28 05:00:00,5.786948182516659
2025-01-28 06:00:00,13.14671960649972
2025-01-28 07:00:00,8.118436868028976
2025-01-28 08:00:00,45.06964645956473
2025-01-28 09:00:00,59.87937456444998
2025-01-28 10:00:00,45.99042380383928
2025-01-28 11:00:00,44.27819794038029
2025-01-28 12:00:00,42.13168996559882
2025-01-28 13:00:00,42.26570529379804
2025-01-28 14:00:00,44.83623364892001
2025-01-28 15:00:00,42.282876144331176
2025-01-28 16:00:00,41.43577108661418
2025-01-28 17:00:00,45.53215113845948
2025-01-28 18:00:00,43.72511391289572
2025-01-28 19:00:00,24.511978965748064
2025-01-28 20:00:00,12.047090574820963
2025-01-28 21:00:00,23.274520555767385
2025-01-28 22:00:00,23.738255577492886
2025-01-28 23:00:00,3.853219535183701
2025-01-29 00:00:00,7.314624811839303
2025-01-29 01:00:00,7.257118268008417
2025-01-29 02:00:00,5.184976610564357
2025-01-29 03:00:00,6.444366624818249
2025-01-29 04:00:00,5.7788483090683425
2025-01-29 05:00:00,11.504540886847245
2025-01-29 06:00:00,9.871356786294923
2025-01-29 07:00:00,10.543110189988317
2025-01-29 08:00:00,48.60836032021618
2025-01-29 09:00:00,54.354741143913856
2025-01-29 10:00:00,42.37739866860113
2025-01-29 11:00:00,47.44687280613959
2025-01-29 12:00:00,38.88936095554027
2025-01-29 13:00:00,48.56499215086194
2025-01-29 14:00:00,43.79837300920933
2025-01-29 15:00:00,43.12589596225201
2025-01-29 16:00:00,48.554799841017456
2025-01-29 17:00:00,47.2213165574302
2025-01-29 18:00:00,43.1951691709046
2025-01-29 19:00:00,23.477989410092743
2025-01-29 20:00:00,16.75681001720031
2025-01-29 21:00:00,21.84780682083279
2025-01-29 22:00:00,21.779303773905152
2025-01-29 23:00:00,7.38090712137202
2025-01-30 00:00:00,8.652266044484236
2025-01-30 01:00:00,5.497772847229394
2025-01-30 02:00:00,9.848054038413801
2025-01-30 03:00:00,7.630195727114022
2025-01-30 04:00:00,6.954553958961921
2025-01-30 05:00:00,10.098018451673779
2025-01-30 06:00:00,6.591312618914482
2025-01-30 07:00:00,5.183077407272881
2025-01-30 08:00:00,37.21685413238048
2025-01-30 09:00:00,63.0300497567282
2025-01-30 10:00:00,38.597853237518585
2025-01-30 11:00:00,53.77397090992182
2025-01-30 12:00:00,34.59035296058139
2025-01-30 13:00:00,53.48228184145019
2025-01-30 14:00:00,46.055087336013095
2025-01-30 15:00:00,44.51643444064804
2025-01-30 16:00:00,42.27540456595525
2025-01-30 17:00:00,46.99568057176035
2025-01-30 18:00:00,44.811826487875756
2025-01-30 19:00:00,23.309905646049565
2025-01-30 20:00:00,20.34268294598612
2025-01-30 21:00:00,20.450905284385634
2025-01-30 22:00:00,18.90916336335843
2025-01-30 23:00:00,7.886108752557865
2025-01-31 00:00:00,8.615603537784118
2025-01-31 01:00:00,4.579663214686748
2025-01-31 02:00:00,5.303629155788574
2025-01-31 03:00:00,9.48652818804543
2025-01-31 04:00:00,8.341730876255884
2025-01-31 05:00:00,7.632033327294642
2025-01-31 06:00:00,8.036867866130786
2025-01-31 07:00:00,8.695163410723342
2025-01-31 08:00:00,42.30120159845319
2025-01-31 09:00:00,56.108476372988434
2025-01-31 10:00:00,45.97922627548841
2025-01-31 11:00:00,40.10813611192484
2025-01-31 12:00:00,47.04126377857236
2025-01-31 13:00:00,36.4870819788108
2025-01-31 14:00:00,50.14577818662822
2025-01-31 15:00:00,47.362987412065216
2025-01-31 16:00:00,46.28014867156938
2025-01-31 17:00:00,49.91345491972757
2025-01-31 18:00:00,53.32737222231288
2025-01-31 19:00:00,23.043110195054393
2025-01-31 20:00:00,14.477377306005064
2025-01-31 21:00:00,16.161269099792896
2025-01-31 22:00:00,18.125544266912964
2025-01-31 23:00:00,8.052182100421668
2025-02-01 00:00:00,13.035318040938247
2025-02-01 01:00:00,10.548512373693068
2025-02-01 02:00:00,12.373533528954157
2025-02-01 03:00:00,10.489234135293355
2025-02-01 04:00:00,10.776964394016103
2025-02-01 05:00:00,9.186677806303555
2025-02-01 06:00:00,10.153533507778192
2025-02-01 07:00:00,9.296630788767333
2025-02-01 08:00:00,10.048253494045335
2025-02-01 09:00:00,14.10728359321568
2025-02-01 10:00:00,10.101202222336115
2025-02-01 11:00:00,17.26476412967478
2025-02-01 12:00:00,12.986635801761778
2025-02-01 13:00:00,12.369672247389747
2025-02-01 14:00:00,10.283284439637573
2025-02-01 15:00:00,13.400619758817983
2025-02-01 16:00:00,10.848724347524453
2025-02-01 17:00:00,12.244019629290722
2025-02-01 18:00:00,17.12016907653759
2025-02-01 19:00:00,11.8078802005507
2025-02-01 20:00:00,14.298546652571352
2025-02-01 21:00:00,10.593647149748225
2025-02-01 22:00:00,11.930023019006077
2025-02-01 23:00:00,15.54160127127102
2025-02-02 00:00:00,10.746065884424466
2025-02-02 01:00:00,15.624897115993857
2025-02-02 02:00:00,13.415503870910952
2025-02-02 03:00:00,10.875066448211465
2025-02-02 04:00:00,13.264815478111043
2025-02-02 05:00:00,13.94510889925346
2025-02-02 06:00:00,13.243619924434393
2025-02-02 07:00:00,8.859550560219088
2025-02-02 08:00:00,10.545725648350263
2025-02-02 09:00:00,11.50496272889699
2025-02-02 10:00:00,11.851133141799908
2025-02-02 11:00:00,13.241344195101355
2025-02-02 12:00:00,12.355402001866508
2025-02-02 13:00:00,9.329311282579798
2025-02-02 14:00:00,12.760395702011927
2025-02-02 15:00:00,13.221171490567647
2025-02-02 16:00:00,13.119580895862079
2025-02-02 17:00:00,14.161561451109243
2025-02-02 18:00:00,13.667844309097807
2025-02-02 19:00:00,12.918360158456874
2025-02-02 20:00:00,11.859668577082706
2025-02-02 21:00:00,8.678078132968018
2025-02-02 22:00:00,12.859236438265171
2025-02-02 23:00:00,12.415375374326223
2025-02-03 00:00:00,8.543157674390747
2025-02-03 01:00:00,5.446502848359382
2025-02-03 02:00:00,5.837886919183475
2025-02-03 03:00:00,10.106305706665808
2025-02-03 04:00:00,7.92088969228669
2025-02-03 05:00:00,9.363001394745249
2025-02-03 06:00:00,8.056636752260923
2025-02-03 07:00:00,8.059512278991491
2025-02-03 08:00:00,49.69141902987999
2025-02-03 09:00:00,57.41977635891313
2025-02-03 10:00:00,45.48060388470492
2025-02-03 11:00:00,42.68862355647479
2025-02-03 12:00:00,42.827518862838424
2025-02-03 13:00:00,43.454139382656805
2025-02-03 14:00:00,46.110668858168566
2025-02-03 15:00:00,42.60625689168261
2025-02-03 16:00:00,51.278780627867604
2025-02-03 17:00:00,40.52696348890248
2025-02-03 18:00:00,44.06564177919321
2025-02-03 19:00:00,18.680806825177477
2025-02-03 20:00:00,24.3409336530612
2025-02-03 21:00:00,20.589664329534724
2025-02-03 22:00:00,23.095533618405906
2025-02-03 23:00:00,5.028879253926056
2025-02-04 00:00:00,8.534100531738517
2025-02-04 01:00:00,9.779261591246874
2025-02-04 02:00:00,8.16456797855085
2025-02-04 03:00:00,10.130960750130702
2025-02-04 04:00:00,6.9654230997992554
2025-02-04 05:00:00,10.81869488037116
2025-02-04 06:00:00,12.5977962472385
2025-02-04 07:00:00,7.274322879120682
2025-02-04 08:00:00,42.77248739299614
2025-02-04 09:00:00,67.2669223855885
2025-02-04 10:00:00,52.89786072865356
2025-02-04 11:00:00,42.38569986423366
2025-02-04 12:00:00,42.89906591452071
2025-02-04 13:00:00,43.59107695569747
2025-02-04 14:00:00,38.27774744482861
2025-02-04 15:00:00,40.40674026757901
2025-02-04 16:00:00,39.97929616623966
2025-02-04 17:00:00,41.16101217447936
2025-02-04 18:00:00,44.82657556306609
2025-02-04 19:00:00,20.702644197609562
2025-02-04 20:00:00,24.65150147844223
2025-02-04 21:00:00,17.004937877783625
2025-02-04 22:00:00,22.95296719542975
2025-02-04 23:00:00,7.572022311548982
2025-02-05 00:00:00,7.901072580695134
2025-02-05 01:00:00,9.349638984333208
2025-02-05 02:00:00,5.754555956875403
2025-02-05 03:00:00,8.764819492368101
2025-02-05 04:00:00,8.332904416426112
2025-02-05 05:00:00,8.984902528016299
2025-02-05 06:00:00,8.578337287815636
2025-02-05 07:00:00,12.91060027982179
2025-02-05 08:00:00,41.81130007874342
2025-02-05 09:00:00,57.34501522499091
2025-02-05 10:00:00,41.88429736787618
2025-02-05 11:00:00,42.22261440419873
2025-02-05 12:00:00,41.81306436346741
2025-02-05 13:00:00,50.94508265553776
2025-02-05 14:00:00,52.102521239949276
2025-02-05 15:00:00,42.146268531252616
2025-02-05 16:00:00,40.838222134478855
2025-02-05 17:00:00,47.35707778193202
2025-02-05 18:00:00,42.23888477859514
2025-02-05 19:00:00,21.898795453266533
2025-02-05 20:00:00,20.6087690625539
2025-02-05 21:00:00,15.452767655008305
2025-02-05 22:00:00,24.642515603990184
2025-02-05 23:00:00,11.591755346191043
2025-02-06 00:00:00,6.7744226190312276
2025-02-06 01:00:00,7.224596880128032
2025-02-06 02:00:00,8.57173078144981
2025-02-06 03:00:00,8.668913579974049
2025-02-06 04:00:00,9.31708854534566
2025-02-06 05:00:00,12.0204090775327
2025-02-06 06:00:00,7.646105545011901
2025-02-06 07:00:00,6.4034055109230925
2025-02-06 08:00:00,38.10340385992736
2025-02-06 09:00:00,56.34534980029041
2025-02-06 10:00:00,44.83436513563102
2025-02-06 11:00:00,53.97278931758894
2025-02-06 12:00:00,42.41194350481914
2025-02-06 13:00:00,46.11893975819449
2025-02-06 14:00:00,44.917885519636236
2025-02-06 15:00:00,50.94196636724042
2025-02-06 16:00:00,57.63466212936811
2025-02-06 17:00:00,42.3456561353984
2025-02-06 18:00:00,42.552802787408886
2025-02-06 19:00:00,23.132482631207218
2025-02-06 20:00:00,22.045674468878936
2025-02-06 21:00:00,25.540121977208102
2025-02-06 22:00:00,21.751784555977892
2025-02-06 23:00:00,7.281415818425881
2025-02-07 00:00:00,9.181309661384619
2025-02-07 01:00:00,10.217407161165816
2025-02-07 02:00:00,9.640964362394728
2025-02-07 03:00:00,9.014548062214596
2025-02-07 04:00:00,10.133349379178307
2025-02-07 05:00:00,10.338591180891346
2025-02-07 06:00:00,10.764317982075054
2025-02-07 07:00:00,9.297419775179286
2025-02-07 08:00:00,44.16440959841573
2025-02-07 09:00:00,60.733568432166614
2025-02-07 10:00:00,51.03254483254179
2025-02-07 11:00:00,40.91532164506382
2025-02-07 12:00:00,46.84336654436451
2025-02-07 13:00:00,43.0333059383632
2025-02-07 14:00:00,45.143724114674086
2025-02-07 15:00:00,51.39225931303649
2025-02-07 16:00:00,45.95549534009952
2025-02-07 17:00:00,45.23218274078074
2025-02-07 18:00:00,38.200719295100406
2025-02-07 19:00:00,22.238760698081663
2025-02-07 20:00:00,21.936452543423226
2025-02-07 21:00:00,26.48976416991638
2025-02-07 22:00:00,19.076665295140998
2025-02-07 23:00:00,8.438300655327877
2025-02-08 00:00:00,12.498767367421511
2025-02-08 01:00:00,15.15490655952695
2025-02-08 02:00:00,11.809408935226095
2025-02-08 03:00:00,12.558043051540679
2025-02-08 04:00:00,13.215793019433079
2025-02-08 05:00:00,12.373218246312716
2025-02-08 06:00:00,11.107132770898943
2025-02-08 07:00:00,12.388179985796615
2025-02-08 08:00:00,14.147263499719545
2025-02-08 09:00:00,9.94696940117788
2025-02-08 10:00:00,12.265939348293752
2025-02-08 11:00:00,10.599758370121654
2025-02-08 12:00:00,14.390093257849685
2025-02-08 13:00:00,8.95362619043245
2025-02-08 14:00:00,10.882156305456823
2025-02-08 15:00:00,12.754423750129043
2025-02-08 16:00:00,15.13104805846868
2025-02-08 17:00:00,11.868499477854025
2025-02-08 18:00:00,10.889600946613603
2025-02-08 19:00:00,15.76231413888118
2025-02-08 20:00:00,9.103972199167512
2025-02-08 21:00:00,7.602388086759836
2025-02-08 22:00:00,12.880028900106664
2025-02-08 23:00:00,10.995891551294777
2025-02-09 00:00:00,9.957534365738574
2025-02-09 01:00:00,13.416712894598707
2025-02-09 02:00:00,12.487601427542398
2025-02-09 03:00:00,10.871842738526544
2025-02-09 04:00:00,9.43939120265821
2025-02-09 05:00:00,13.74491465656029
2025-02-09 06:00:00,13.300402355917322
2025-02-09 07:00:00,11.801648272441234
2025-02-09 08:00:00,15.693273992095332
2025-02-09 09:00:00,9.859830467347695
2025-02-09 10:00:00,8.948949658150521
2025-02-09 11:00:00,10.616183860237511
2025-02-09 12:00:00,11.908827967289005
2025-02-09 13:00:00,12.486678898645383
2025-02-09 14:00:00,11.51752788428734
2025-02-09 15:00:00,12.704110793028594
2025-02-09 16:00:00,9.496921151619112
2025-02-09 17:00:00,14.88752920814652
2025-02-09 18:00:00,11.835697643214862
2025-02-09 19:00:00,14.234591663176255
2025-02-09 20:00:00,12.685450692755408
2025-02-09 21:00:00,12.913506438307568
2025-02-09 22:00:00,13.139534560464408
2025-02-09 23:00:00,12.89541712003463
2025-02-10 00:00:00,9.285445519735088
2025-02-10 01:00:00,10.658305060264862
2025-02-10 02:00:00,8.39304233940294
2025-02-10 03:00:00,9.418007515177024
2025-02-10 04:00:00,7.820528611425546
2025-02-10 05:00:00,10.880234430898945
2025-02-10 06:00:00,6.64721539588146
2025-02-10 07:00:00,11.60188086582163
2025-02-10 08:00:00,44.79921024677828
2025-02-10 09:00:00,52.84612448940976
2025-02-10 10:00:00,45.64052207455395
2025-02-10 11:00:00,41.5947417126256
2025-02-10 12:00:00,49.20321774494362
2025-02-10 13:00:00,41.73688010348805
2025-02-10 14:00:00,42.7690828339261
2025-02-10 15:00:00,35.552296345272346
2025-02-10 16:00:00,42.73846840375462
2025-02-10 17:00:00,32.88060336685522
2025-02-10 18:00:00,37.08048588257138
2025-02-10 19:00:00,22.281243968432893
2025-02-10 20:00:00,22.357400475952495
2025-02-10 21:00:00,21.276372685354893
2025-02-10 22:00:00,17.09907157061236
2025-02-10 23:00:00,7.90457728771604
2025-02-11 00:00:00,7.992794921818863
2025-02-11 01:00:00,5.6832706216149145
2025-02-11 02:00:00,11.006796603534301
2025-02-11 03:00:00,9.754724581151343
2025-02-11 04:00:00,7.558071652340672
2025-02-11 05:00:00,8.053771677989062
2025-02-11 06:00:00,8.416765615895105
2025-02-11 07:00:00,3.9165302631514187
2025-02-11 08:00:00,43.764113087397014
2025-02-11 09:00:00,56.59007876001101
2025-02-11 10:00:00,39.99189995052542
2025-02-11 11:00:00,43.594498535570224
2025-02-11 12:00:00,53.988432634247616
2025-02-11 13:00:00,48.20421430633505
2025-02-11 14:00:00,42.144105051086015
2025-02-11 15:00:00,47.86291390678079
2025-02-11 16:00:00,51.99677718293001
2025-02-11 17:00:00,49.62316841456384
2025-02-11 18:00:00,45.29815184960087
2025-02-11 19:00:00,18.059189666883277
2025-02-11 20:00:00,22.09466994084077
2025-02-11 21:00:00,21.180456156265247
2025-02-11 22:00:00,22.685579660083196
2025-02-11 23:00:00,9.270343603363939
2025-02-12 00:00:00,10.09910543063867
2025-02-12 01:00:00,6.929529576878864
2025-02-12 02:00:00,10.634788131268651
2025-02-12 03:00:00,8.3951992093848
2025-02-12 04:00:00,12.150521745250531
2025-02-12 05:00:00,6.621624363820864
2025-02-12 06:00:00,11.4719276063305
2025-02-12 07:00:00,8.395821566925296
2025-02-12 08:00:00,41.74290998192776
2025-02-12 09:00:00,57.580570829728394
2025-02-12 10:00:00,43.3982634590284
2025-02-12 11:00:00,47.12082973200958
2025-02-12 12:00:00,47.6141774401775
2025-02-12 13:00:00,42.131499980307105
2025-02-12 14:00:00,44.87822703869509
2025-02-12 15:00:00,55.71135179305932
2025-02-12 16:00:00,53.637715850503554
2025-02-12 17:00:00,47.18161834837016
2025-02-12 18:00:00,45.190017390841
2025-02-12 19:00:00,20.360093980154783
2025-02-12 20:00:00,21.84055391819125
2025-02-12 21:00:00,16.931622304404783
2025-02-12 22:00:00,19.227870387729965
2025-02-12 23:00:00,4.662831852244821
2025-02-13 00:00:00,8.798446245210558
2025-02-13 01:00:00,9.294391879405483
2025-02-13 02:00:00,7.033627075401252
2025-02-13 03:00:00,11.147973526580065
2025-02-13 04:00:00,5.548468673995318
2025-02-13 05:00:00,5.07125023958036
2025-02-13 06:00:00,8.448903637119944
2025-02-13 07:00:00,10.094196605224308
2025-02-13 08:00:00,53.419638457289345
2025-02-13 09:00:00,57.7055786856553
2025-02-13 10:00:00,50.393404167156476
2025-02-13 11:00:00,44.80745765249647
2025-02-13 12:00:00,44.1368635002959
2025-02-13 13:00:00,49.41829968743336
2025-02-13 14:00:00,48.261614392067095
2025-02-13 15:00:00,37.11803921507875
2025-02-13 16:00:00,52.38270174862948
2025-02-13 17:00:00,51.90045677073726
2025-02-13 18:00:00,41.87218649245235
2025-02-13 19:00:00,21.187410600312226
2025-02-13 20:00:00,21.482090558848217
2025-02-13 21:00:00,20.782021297471722
2025-02-13 22:00:00,18.34908453846374
2025-02-13 23:00:00,6.656753264123897
2025-02-14 00:00:00,7.9488918580171095
2025-02-14 01:00:00,10.345458038518728
2025-02-14 02:00:00,9.087200309188864
2025-02-14 03:00:00,7.258771335827788
2025-02-14 04:00:00,9.543397421296689
2025-02-14 05:00:00,2.302914758739849
2025-02-14 06:00:00,10.297531400744207
2025-02-14 07:00:00,4.5205724424438
2025-02-14 08:00:00,43.18779529298434
2025-02-14 09:00:00,54.40165052686928
2025-02-14 10:00:00,38.52659262139547
2025-02-14 11:00:00,50.8041339368926
2025-02-14 12:00:00,42.661493993440544
2025-02-14 13:00:00,46.73251940865358
2025-02-14 14:00:00,44.76539710560408
2025-02-14 15:00:00,47.385204136115604
2025-02-14 16:00:00,45.38410945530128
2025-02-14 17:00:00,38.58503887905715
2025-02-14 18:00:00,49.9813340972357
2025-02-14 19:00:00,18.51873025051606
2025-02-14 20:00:00,15.330254304020746
2025-02-14 21:00:00,18.715654517102262
2025-02-14 22:00:00,24.502279371902933
2025-02-14 23:00:00,9.700443484226986
2025-02-15 00:00:00,11.302695731184281
2025-02-15 01:00:00,11.301484591363142
2025-02-15 02:00:00,11.356729897565234
2025-02-15 03:00:00,16.153495967121682
2025-02-15 04:00:00,12.763870904463106
2025-02-15 05:00:00,12.86008329438214
2025-02-15 06:00:00,14.060566908063684
2025-02-15 07:00:00,12.477578318053027
2025-02-15 08:00:00,11.481915708358594
2025-02-15 09:00:00,11.607300301830044
2025-02-15 10:00:00,11.856797481171872
2025-02-15 11:00:00,11.925555526980316
2025-02-15 12:00:00,13.45525908727396
2025-02-15 13:00:00,12.103891771614599
2025-02-15 14:00:00,13.46528015443116
2025-02-15 15:00:00,11.838566839782835
2025-02-15 16:00:00,12.15727038063218
2025-02-15 17:00:00,8.003598630935784
2025-02-15 18:00:00,13.832655349404963
2025-02-15 19:00:00,12.692976951795986
2025-02-15 20:00:00,13.996020219719304
2025-02-15 21:00:00,6.207489243612621
2025-02-15 22:00:00,16.176749409561456
2025-02-15 23:00:00,11.720820743689652
2025-02-16 00:00:00,14.216365633475032
2025-02-16 01:00:00,9.920188145748938
2025-02-16 02:00:00,13.22554781012514
2025-02-16 03:00:00,9.893168873652687
2025-02-16 04:00:00,10.75246207860839
2025-02-16 05:00:00,15.828062707733572
2025-02-16 06:00:00,11.618635198473307
2025-02-16 07:00:00,12.434865746359446
2025-02-16 08:00:00,13.740135461377509
2025-02-16 09:00:00,12.99136377594521
2025-02-16 10:00:00,12.300837810287153
2025-02-16 11:00:00,12.729922004932451
2025-02-16 12:00:00,16.80683117047655
2025-02-16 13:00:00,11.884762405932829
2025-02-16 14:00:00,12.402198093429934
2025-02-16 15:00:00,14.101308792015224
2025-02-16 16:00:00,14.211051865915968
2025-02-16 17:00:00,14.374060611120761
2025-02-16 18:00:00,13.27746044405837
2025-02-16 19:00:00,9.713990174539033
2025-02-16 20:00:00,15.266863064602191
2025-02-16 21:00:00,9.707309213962624
2025-02-16 22:00:00,12.605270930478067
2025-02-16 23:00:00,10.491448299961284
2025-02-17 00:00:00,7.871723306814015
2025-02-17 01:00:00,8.65752482060696
2025-02-17 02:00:00,8.642714430900547
2025-02-17 03:00:00,8.84384150847057
2025-02-17 04:00:00,11.227422538117294
2025-02-17 05:00:00,8.907068603027959
2025-02-17 06:00:00,7.511686729418702
2025-02-17 07:00:00,9.928174336576715
2025-02-17 08:00:00,50.947352444623206
2025-02-17 09:00:00,53.861960924315035
2025-02-17 10:00:00,47.98700034924929
2025-02-17 11:00:00,48.50586371155449
2025-02-17 12:00:00,43.51218248320004
2025-02-17 13:00:00,51.878534066558096
2025-02-17 14:00:00,44.249722064837364
2025-02-17 15:00:00,45.62788226735771
2025-02-17 16:00:00,44.134640878580655
2025-02-17 17:00:00,45.077895237907335
2025-02-17 18:00:00,39.51862456552399
2025-02-17 19:00:00,15.679847352217116
2025-02-17 20:00:00,24.783515189674915
2025-02-17 21:00:00,17.459115955045018
2025-02-17 22:00:00,17.025822951631078
2025-02-17 23:00:00,3.6932197727925704
2025-02-18 00:00:00,6.722076504620995
2025-02-18 01:00:00,5.353820413185003
2025-02-18 02:00:00,11.284030320272738
2025-02-18 03:00:00,10.01963417868527
2025-02-18 04:00:00,6.623699309644552
2025-02-18 05:00:00,12.504871610688618
2025-02-18 06:00:00,9.963530973983188
2025-02-18 07:00:00,7.350337232982755
2025-02-18 08:00:00,32.50297142563213
2025-02-18 09:00:00,71.45471286295371
2025-02-18 10:00:00,38.05213766618202
2025-02-18 11:00:00,36.77300626521554
2025-02-18 12:00:00,50.1128521600482
2025-02-18 13:00:00,57.19876203169636
2025-02-18 14:00:00,51.921364092552594
2025-02-18 15:00:00,47.8195456002618
2025-02-18 16:00:00,47.97377170832643
2025-02-18 17:00:00,49.267077793901535
2025-02-18 18:00:00,48.79464294893383
2025-02-18 19:00:00,20.84357427190813
2025-02-18 20:00:00,20.31260331185563
2025-02-18 21:00:00,19.81222061630143
2025-02-18 22:00:00,17.73810623339997
2025-02-18 23:00:00,7.438649846266452
2025-02-19 00:00:00,4.614086371609229
2025-02-19 01:00:00,7.8033207464105
2025-02-19 02:00:00,6.022817785698165
2025-02-19 03:00:00,5.792821365568458
2025-02-19 04:00:00,8.359788302306956
2025-02-19 05:00:00,10.784004572689199
2025-02-19 06:00:00,9.836633212004626
2025-02-19 07:00:00,4.8589987927536455
2025-02-19 08:00:00,40.05185931714831
2025-02-19 09:00:00,64.70385593994108
2025-02-19 10:00:00,40.08756303230845
2025-02-19 11:00:00,43.87683425001488
2025-02-19 12:00:00,47.75026049512276
2025-02-19 13:00:00,40.15827772568183
2025-02-19 14:00:00,45.5268775307298
2025-02-19 15:00:00,38.32987252540898
2025-02-19 16:00:00,41.99316178024393
2025-02-19 17:00:00,46.598909670712686
2025-02-19 18:00:00,37.03503133234165
2025-02-19 19:00:00,21.321424213881198
2025-02-19 20:00:00,19.941086603219958
2025-02-19 21:00:00,21.657469863251443
2025-02-19 22:00:00,20.671742402193985
2025-02-19 23:00:00,10.728280859947688
2025-02-20 00:00:00,8.250449005295815
2025-02-20 01:00:00,7.141188917749494
2025-02-20 02:00:00,8.244595006064568
2025-02-20 03:00:00,9.086596058072775
2025-02-20 04:00:00,8.09772014065141
2025-02-20 05:00:00,8.081183382407765
2025-02-20 06:00:00,6.59601662438649
2025-02-20 07:00:00,6.674198164898104
2025-02-20 08:00:00,37.98697364100153
2025-02-20 09:00:00,68.7478837159347
2025-02-20 10:00:00,38.780683823043574
2025-02-20 11:00:00,41.53547401102046
2025-02-20 12:00:00,41.40796367215401
2025-02-20 13:00:00,49.474621884722204
2025-02-20 14:00:00,43.52525160853986
2025-02-20 15:00:00,51.23871036336867
2025-02-20 16:00:00,41.63254687878066
2025-02-20 17:00:00,46.39497081111901
2025-02-20 18:00:00,40.823264733701215
2025-02-20 19:00:00,26.435447383320167
2025-02-20 20:00:00,16.43720474291146
2025-02-20 21:00:00,20.92946213068108
2025-02-20 22:00:00,21.901330642796296
2025-02-20 23:00:00,8.827598194902997
2025-02-21 00:00:00,7.629424682244584
2025-02-21 01:00:00,7.740358600533147
2025-02-21 02:00:00,8.08762294395822
2025-02-21 03:00:00,7.705995996743023
2025-02-21 04:00:00,9.92775823358982
2025-02-21 05:00:00,12.421046003182703
2025-02-21 06:00:00,6.885016429984333
2025-02-21 07:00:00,5.260394040841844
2025-02-21 08:00:00,44.55858975824373
2025-02-21 09:00:00,72.8985466882716
2025-02-21 10:00:00,40.98162716015135
2025-02-21 11:00:00,53.195584027220335
2025-02-21 12:00:00,53.388504070382204
2025-02-21 13:00:00,42.23205879146003
2025-02-21 14:00:00,47.84491539592638
2025-02-21 15:00:00,53.14198311564269
2025-02-21 16:00:00,43.10436129506257
2025-02-21 17:00:00,43.98209819948819
2025-02-21 18:00:00,42.09159543025678
2025-02-21 19:00:00,16.9557298079214
2025-02-21 20:00:00,18.052167364801978
2025-02-21 21:00:00,16.32817919971323
2025-02-21 22:00:00,20.102250404777678
2025-02-21 23:00:00,6.460053537882716
2025-02-22 00:00:00,12.467571823581496
2025-02-22 01:00:00,8.888208707592746
2025-02-22 02:00:00,12.661760464428914
2025-02-22 03:00:00,13.667057923217849
2025-02-22 04:00:00,8.012528714857089
2025-02-22 05:00:00,12.748113139695144
2025-02-22 06:00:00,14.455337984946585
2025-02-22 07:00:00,9.58071796261759
2025-02-22 08:00:00,15.345144773675408
2025-02-22 09:00:00,12.83803801873209
2025-02-22 10:00:00,10.589976288483182
2025-02-22 11:00:00,11.888461844684588
2025-02-22 12:00:00,13.116653825043445
2025-02-22 13:00:00,12.152010782824822
2025-02-22 14:00:00,13.077511984892737
2025-02-22 15:00:00,10.158652813841268
2025-02-22 16:00:00,12.338721648072156
2025-02-22 17:00:00,9.17257100619004
2025-02-22 18:00:00,11.777547877302599
2025-02-22 19:00:00,10.19218471707042
2025-02-22 20:00:00,10.528940114820466
2025-02-22 21:00:00,14.472186350420875
2025-02-22 22:00:00,14.182620241188538
2025-02-22 23:00:00,13.218276241814355
2025-02-23 00:00:00,9.815374470654842
2025-02-23 01:00:00,11.367183100610395
2025-02-23 02:00:00,14.426195399958367
2025-02-23 03:00:00,12.28343382727981
2025-02-23 04:00:00,16.63865907996339
2025-02-23 05:00:00,12.786635678788743
2025-02-23 06:00:00,12.384098232980064
2025-02-23 07:00:00,11.381767071594997
2025-02-23 08:00:00,12.267081809564564
2025-02-23 09:00:00,11.695060327238913
2025-02-23 10:00:00,13.416217353377181
2025-02-23 11:00:00,13.913404633589169
2025-02-23 12:00:00,10.4280210789841
2025-02-23 13:00:00,9.337534092884443
2025-02-23 14:00:00,8.327589253793407
2025-02-23 15:00:00,13.015982653825088
2025-02-23 16:00:00,9.793266787652254
2025-02-23 17:00:00,7.694218814095034
2025-02-23 18:00:00,12.777157209061928
2025-02-23 19:00:00,16.985999034865582
2025-02-23 20:00:00,11.987858176920213
2025-02-23 21:00:00,13.676981548903283
2025-02-23 22:00:00,12.16365871709513
2025-02-23 23:00:00,11.802220693617715
2025-02-24 00:00:00,9.838152965975537
2025-02-24 01:00:00,7.419450911622698
2025-02-24 02:00:00,8.534784628143806
2025-02-24 03:00:00,8.643395612392027
2025-02-24 04:00:00,6.6638190927139025
2025-02-24 05:00:00,9.984084699073046
2025-02-24 06:00:00,7.650080486609182
2025-02-24 07:00:00,6.48850968101431
2025-02-24 08:00:00,47.68254921785202
2025-02-24 09:00:00,55.50766009104481
2025-02-24 10:00:00,45.14090578684564
2025-02-24 11:00:00,44.954405016778985
2025-02-24 12:00:00,50.42947782915789
2025-02-24 13:00:00,47.373491164399766
2025-02-24 14:00:00,44.87486520627428
2025-02-24 15:00:00,49.08883149600143
2025-02-24 16:00:00,51.951037745086566
2025-02-24 17:00:00,47.78905153175931
2025-02-24 18:00:00,45.051763099216906
2025-02-24 19:00:00,16.06449130294952
2025-02-24 20:00:00,16.804659010773882
2025-02-24 21:00:00,19.084325886935996
2025-02-24 22:00:00,18.17146339352215
2025-02-24 23:00:00,7.626057394029108
2025-02-25 00:00:00,8.113299849794215
2025-02-25 01:00:00,9.059385508713461
2025-02-25 02:00:00,7.859002443881818
2025-02-25 03:00:00,8.973003287652404
2025-02-25 04:00:00,8.12894882962024
2025-02-25 05:00:00,4.049066867292257
2025-02-25 06:00:00,6.121329212362491
2025-02-25 07:00:00,7.7118248885567695
2025-02-25 08:00:00,38.951526285794465
2025-02-25 09:00:00,62.999643649981024
2025-02-25 10:00:00,52.65375416171849
2025-02-25 11:00:00,51.09380925848659
2025-02-25 12:00:00,43.93278564534896
2025-02-25 13:00:00,52.45363068424976
2025-02-25 14:00:00,45.74333728601056
2025-02-25 15:00:00,43.31457014440981
2025-02-25 16:00:00,41.9329866822953
2025-02-25 17:00:00,43.48765156755936
2025-02-25 18:00:00,43.05911590729386
2025-02-25 19:00:00,20.511248667126463
2025-02-25 20:00:00,20.481721943149594
2025-02-25 21:00:00,20.009138060460245
2025-02-25 22:00:00,21.310814509239048
2025-02-25 23:00:00,10.381292549572683
2025-02-26 00:00:00,9.899108270882648
2025-02-26 01:00:00,5.030204063100193
2025-02-26 02:00:00,2.8921577301960903
2025-02-26 03:00:00,9.868639822478547
2025-02-26 04:00:00,5.266242603169157
2025-02-26 05:00:00,7.550469196214633
2025-02-26 06:00:00,5.6597739478812805
2025-02-26 07:00:00,4.396039124839961
2025-02-26 08:00:00,47.70731364102394
2025-02-26 09:00:00,63.79577580151324
2025-02-26 10:00:00,42.1174479963664
2025-02-26 11:00:00,32.04478853927545
2025-02-26 12:00:00,42.268777758737585
2025-02-26 13:00:00,46.959020027012734
2025-02-26 14:00:00,37.60544215612936
2025-02-26 15:00:00,45.91679959889578
2025-02-26 16:00:00,44.923450754135025
2025-02-26 17:00:00,47.89645749800544
2025-02-26 18:00:00,45.59790184207077
2025-02-26 19:00:00,17.080793177355332
2025-02-26 20:00:00,23.589714504993474
2025-02-26 21:00:00,19.52441128091909
2025-02-26 22:00:00,19.918086381470204
2025-02-26 23:00:00,6.133464081853608
2025-02-27 00:00:00,7.11343549761698
2025-02-27 01:00:00,6.230394571946198
2025-02-27 02:00:00,7.654107880153154
2025-02-27 03:00:00,11.423416960284687
2025-02-27 04:00:00,5.256197714137287
2025-02-27 05:00:00,4.772877204246518
2025-02-27 06:00:00,10.942340654987216
2025-02-27 07:00:00,7.581352645696268
2025-02-27 08:00:00,41.65463630670042
2025-02-27 09:00:00,65.19952343698039
2025-02-27 10:00:00,41.97192230131568
2025-02-27 11:00:00,54.13004856773468
2025-02-27 12:00:00,48.38962935669635
2025-02-27 13:00:00,42.560442959271484
2025-02-27 14:00:00,55.786541066327516
2025-02-27 15:00:00,41.971425384983306
2025-02-27 16:00:00,48.71047686004653
2025-02-27 17:00:00,46.49646290203246
2025-02-27 18:00:00,51.50870644699399
2025-02-27 19:00:00,24.684533590180557
2025-02-27 20:00:00,20.0960124471973
2025-02-27 21:00:00,17.73974638896145
2025-02-27 22:00:00,21.37991642881735
2025-02-27 23:00:00,6.644569260495787
2025-02-28 00:00:00,12.026774495053246
2025-02-28 01:00:00,8.273070662165475
2025-02-28 02:00:00,7.269356897375783
2025-02-28 03:00:00,8.369360611729817
2025-02-28 04:00:00,5.305747420940607
2025-02-28 05:00:00,6.056771922978697
2025-02-28 06:00:00,10.400827815888851
2025-02-28 07:00:00,6.686211442057209
2025-02-28 08:00:00,39.765445086590304
2025-02-28 09:00:00,62.68326376263643
2025-02-28 10:00:00,50.928520773314986
2025-02-28 11:00:00,48.594766553325336
2025-02-28 12:00:00,49.98023842902908
2025-02-28 13:00:00,41.21602455715269
2025-02-28 14:00:00,37.89094666629078
2025-02-28 15:00:00,52.506668259777435
2025-02-28 16:00:00,43.38660080578932
2025-02-28 17:00:00,43.745834917724764
2025-02-28 18:00:00,51.64097070924529
2025-02-28 19:00:00,21.66869002820198
2025-02-28 20:00:00,21.367663316244823
2025-02-28 21:00:00,26.495007034703253
2025-02-28 22:00:00,18.06944530885957
2025-02-28 23:00:00,9.855680256162474
2025-03-01 00:00:00,12.114026249794168
2025-03-01 01:00:00,12.537184557726514
2025-03-01 02:00:00,15.056936852825064
2025-03-01 03:00:00,13.015671512579248
2025-03-01 04:00:00,13.076592158099267
2025-03-01 05:00:00,14.145014674619604
2025-03-01 06:00:00,11.27009454091423
2025-03-01 07:00:00,10.321580665321987
2025-03-01 08:00:00,9.910381611957932
2025-03-01 09:00:00,8.067286821247997
2025-03-01 10:00:00,16.112414259880644
2025-03-01 11:00:00,9.793583268556635
2025-03-01 12:00:00,11.557492752828455
2025-03-01 13:00:00,11.446373400222159
2025-03-01 14:00:00,12.614813395618201
2025-03-01 15:00:00,13.631474425078594
2025-03-01 16:00:00,13.72094697671949
2025-03-01 17:00:00,10.833845122862122
2025-03-01 18:00:00,11.665756572427178
2025-03-01 19:00:00,12.5651599009766
2025-03-01 20:00:00,11.502617747632906
2025-03-01 21:00:00,15.214691152039986
2025-03-01 22:00:00,12.981949903276503
2025-03-01 23:00:00,13.469755572099634
2025-03-02 00:00:00,13.325762537334825
2025-03-02 01:00:00,14.34694771497065
2025-03-02 02:00:00,12.362043117407413
2025-03-02 03:00:00,9.406336104088307
2025-03-02 04:00:00,12.799375903505283
2025-03-02 05:00:00,10.697286212416342
2025-03-02 06:00:00,10.942766636500487
2025-03-02 07:00:00,13.172728037510186
2025-03-02 08:00:00,14.476566142867272
2025-03-02 09:00:00,12.042543153472124
2025-03-02 10:00:00,12.617666025197927
2025-03-02 11:00:00,15.404429889270476
2025-03-02 12:00:00,12.481506358977137
2025-03-02 13:00:00,17.20336622836079
2025-03-02 14:00:00,13.131019291263089
2025-03-02 15:00:00,8.478474481688364
2025-03-02 16:00:00,13.506683242209064
2025-03-02 17:00:00,12.762316769765555
2025-03-02 18:00:00,14.579505508165491
2025-03-02 19:00:00,13.346362702539917
2025-03-02 20:00:00,11.723088032032452
2025-03-02 21:00:00,9.551403527421268
2025-03-02 22:00:00,11.581953485427949
2025-03-02 23:00:00,10.2989590915814
2025-03-03 00:00:00,6.838953100390555
2025-03-03 01:00:00,9.17715680884122
2025-03-03 02:00:00,11.339809008702812
2025-03-03 03:00:00,8.789343059645962
2025-03-03 04:00:00,5.608233875929631
2025-03-03 05:00:00,8.88920533644028
2025-03-03 06:00:00,10.393262973291302
2025-03-03 07:00:00,6.780434191361236
2025-03-03 08:00:00,44.32991416663541
2025-03-03 09:00:00,60.07344097364599
2025-03-03 10:00:00,41.0755084345888
2025-03-03 11:00:00,48.2414021692193
2025-03-03 12:00:00,44.39525925696109
2025-03-03 13:00:00,47.09766221953514
2025-03-03 14:00:00,40.5625391109895
2025-03-03 15:00:00,42.812708498382946
2025-03-03 16:00:00,48.61190678913886
2025-03-03 17:00:00,43.13583423954117
2025-03-03 18:00:00,53.63481925616703
2025-03-03 19:00:00,18.801091443156192
2025-03-03 20:00:00,20.67405417725566
2025-03-03 21:00:00,22.79777249561927
2025-03-03 22:00:00,15.744902801200904
2025-03-03 23:00:00,4.478382376038448
2025-03-04 00:00:00,4.94868737085981
2025-03-04 01:00:00,10.525168206854364
2025-03-04 02:00:00,6.8962837082151065
2025-03-04 03:00:00,13.116398571336504
2025-03-04 04:00:00,6.871504802685223
2025-03-04 05:00:00,8.369102606394074
2025-03-04 06:00:00,11.08421990513575
2025-03-04 07:00:00,12.012185776318246
2025-03-04 08:00:00,55.30751788318199
2025-03-04 09:00:00,66.04183115296571
2025-03-04 10:00:00,50.12031262905731
2025-03-04 11:00:00,47.96263474600592
2025-03-04 12:00:00,48.89180538083319
2025-03-04 13:00:00,42.244071418357336
2025-03-04 14:00:00,40.90900558288846
2025-03-04 15:00:00,44.98312771294524
2025-03-04 16:00:00,44.14907688737536
2025-03-04 17:00:00,42.733859753363625
2025-03-04 18:00:00,48.481937237283574
2025-03-04 19:00:00,22.865915625711533
2025-03-04 20:00:00,20.265220658875542
2025-03-04 21:00:00,24.432590243165784
2025-03-04 22:00:00,16.574932657599483
2025-03-04 23:00:00,7.612681081440564
2025-03-05 00:00:00,6.56635535879439
2025-03-05 01:00:00,4.26692676585388
2025-03-05 02:00:00,7.834638628314601
2025-03-05 03:00:00,7.756504983233433
2025-03-05 04:00:00,11.026899486484261
2025-03-05 05:00:00,9.261623369109556
2025-03-05 06:00:00,5.95162635134159
2025-03-05 07:00:00,11.708185132668376
2025-03-05 08:00:00,51.10516847762676
2025-03-05 09:00:00,62.910488517343076
2025-03-05 10:00:00,43.86757950575084
2025-03-05 11:00:00,40.2028038163826
2025-03-05 12:00:00,43.138966119644735
2025-03-05 13:00:00,50.443743098520926
2025-03-05 14:00:00,54.42293152967304
2025-03-05 15:00:00,52.71621764136094
2025-03-05 16:00:00,42.55575289106863
2025-03-05 17:00:00,39.401912833554945
2025-03-05 18:00:00,45.70443123455602
2025-03-05 19:00:00,14.694681903311444
2025-03-05 20:00:00,20.969503142554345
2025-03-05 21:00:00,19.557192241103994
2025-03-05 22:00:00,18.601890494395274
2025-03-05 23:00:00,4.810593865466409
2025-03-06 00:00:00,9.027200213139434
2025-03-06 01:00:00,6.934598320676177
2025-03-06 02:00:00,5.6601663285794235
2025-03-06 03:00:00,2.2554755734367014
2025-03-06 04:00:00,7.9449701898987275
2025-03-06 05:00:00,11.544503193339487
2025-03-06 06:00:00,11.32251842909574
2025-03-06 07:00:00,7.0858074868274565
2025-03-06 08:00:00,41.988939698191096
2025-03-06 09:00:00,62.34387128037512
2025-03-06 10:00:00,40.00807280405854
2025-03-06 11:00:00,46.50895949909733
2025-03-06 12:00:00,48.83040139192345
2025-03-06 13:00:00,51.13466611942154
2025-03-06 14:00:00,44.499229617600236
2025-03-06 15:00:00,43.98163124911517
2025-03-06 16:00:00,40.6100870662172
2025-03-06 17:00:00,40.865598229800696
2025-03-06 18:00:00,43.86760554049236
2025-03-06 19:00:00,21.102096520448534
2025-03-06 20:00:00,22.74075387869975
2025-03-06 21:00:00,17.590463147958964
2025-03-06 22:00:00,24.478065706878567
2025-03-06 23:00:00,7.457752797914862
2025-03-07 00:00:00,7.957265411303128
2025-03-07 01:00:00,6.505576641704353
2025-03-07 02:00:00,3.151519479454117
2025-03-07 03:00:00,9.768090792722099
2025-03-07 04:00:00,9.473687794184867
2025-03-07 05:00:00,7.437344885763573
2025-03-07 06:00:00,8.133981434449744
2025-03-07 07:00:00,9.0318784354082
2025-03-07 08:00:00,37.18727071556729
2025-03-07 09:00:00,57.35473661326853
2025-03-07 10:00:00,48.971323398109135
2025-03-07 11:00:00,38.72855288415376
2025-03-07 12:00:00,46.46778966083315
2025-03-07 13:00:00,38.21709097688297
2025-03-07 14:00:00,47.33214991216763
2025-03-07 15:00:00,44.82179258851258
2025-03-07 16:00:00,36.92434092047245
2025-03-07 17:00:00,50.82369677228586
2025-03-07 18:00:00,41.32704211600976
2025-03-07 19:00:00,17.569242688956855
2025-03-07 20:00:00,20.60170759169283
2025-03-07 21:00:00,23.445912048286147
2025-03-07 22:00:00,16.952534543064807
2025-03-07 23:00:00,8.123359699695943
2025-03-08 00:00:00,12.857633000661146
2025-03-08 01:00:00,13.386211214526288
2025-03-08 02:00:00,12.352883110554451
2025-03-08 03:00:00,11.265944321833356
2025-03-08 04:00:00,10.34481955870256
2025-03-08 05:00:00,12.172287766092749
2025-03-08 06:00:00,9.855721976028786
2025-03-08 07:00:00,6.157299033010785
2025-03-08 08:00:00,12.873119608315335
2025-03-08 09:00:00,13.80786968217239
2025-03-08 10:00:00,7.274135128916323
2025-03-08 11:00:00,9.980538590580124
2025-03-08 12:00:00,13.238308522010396
2025-03-08 13:00:00,16.114990939423397
2025-03-08 14:00:00,12.041587415350817
2025-03-08 15:00:00,10.54399411754173
2025-03-08 16:00:00,11.63420711779032
2025-03-08 17:00:00,14.74975283829637
2025-03-08 18:00:00,10.70807164175093
2025-03-08 19:00:00,10.401615986699493
2025-03-08 20:00:00,11.034512955635936
2025-03-08 21:00:00,10.093342783482575
2025-03-08 22:00:00,12.245340631989592
2025-03-08 23:00:00,15.24935691693912
2025-03-09 00:00:00,12.646158546232058
2025-03-09 01:00:00,11.495292995747425
2025-03-09 02:00:00,11.416377462168912
2025-03-09 03:00:00,8.873618382606686
2025-03-09 04:00:00,13.766219554294318
2025-03-09 05:00:00,11.844325605974396
2025-03-09 06:00:00,11.63904017281875
2025-03-09 07:00:00,18.38621513568972
2025-03-09 08:00:00,12.597505816731372
2025-03-09 09:00:00,10.496417899809632
2025-03-09 10:00:00,11.147284807588914
2025-03-09 11:00:00,14.29689141839351
2025-03-09 12:00:00,12.22654082107553
2025-03-09 13:00:00,9.123444043365266
2025-03-09 14:00:00,13.838457869150407
2025-03-09 15:00:00,10.663711828922011
2025-03-09 16:00:00,15.74659555243509
2025-03-09 17:00:00,14.160096131429297
2025-03-09 18:00:00,11.105356208682498
2025-03-09 19:00:00,14.562032723470226
2025-03-09 20:00:00,12.135711021054806
2025-03-09 21:00:00,13.705547350244439
2025-03-09 22:00:00,12.96946563458895
2025-03-09 23:00:00,10.307286690018254
2025-03-10 00:00:00,6.712900335365076
2025-03-10 01:00:00,10.059921635162322
2025-03-10 02:00:00,7.330449335786918
2025-03-10 03:00:00,7.1927030735160065
2025-03-10 04:00:00,6.0897548413012945
2025-03-10 05:00:00,8.847198131186921
2025-03-10 06:00:00,12.12504983848629
2025-03-10 07:00:00,5.864934171491454
2025-03-10 08:00:00,45.12109728336379
2025-03-10 09:00:00,67.06110277707714
2025-03-10 10:00:00,44.60179304377142
2025-03-10 11:00:00,47.26185898124867
2025-03-10 12:00:00,39.688032359265605
2025-03-10 13:00:00,47.141535486038244
2025-03-10 14:00:00,44.06427867497726
2025-03-10 15:00:00,49.928649978399314
2025-03-10 16:00:00,50.936930257823754
2025-03-10 17:00:00,57.94781821009307
2025-03-10 18:00:00,47.89816586606788
2025-03-10 19:00:00,20.977388949746498
2025-03-10 20:00:00,20.583152904732007
2025-03-10 21:00:00,18.940501121567934
2025-03-10 22:00:00,21.01545153038507
2025-03-10 23:00:00,7.409197179721941
2025-03-11 00:00:00,8.336921952539228
2025-03-11 01:00:00,10.63519507121592
2025-03-11 02:00:00,5.986914869440717
2025-03-11 03:00:00,10.27975712225809
2025-03-11 04:00:00,10.634230134679731
2025-03-11 05:00:00,7.763862946017842
2025-03-11 06:00:00,3.756290201982811
2025-03-11 07:00:00,6.784356025811135
2025-03-11 08:00:00,51.484972732805545
2025-03-11 09:00:00,59.88565968850559
2025-03-11 10:00:00,40.00348883852545
2025-03-11 11:00:00,42.476125393858915
2025-03-11 12:00:00,49.20310013252276
2025-03-11 13:00:00,47.7336678410069
2025-03-11 14:00:00,43.805339504151526
2025-03-11 15:00:00,43.16587794092656
2025-03-11 16:00:00,43.04120925478089
2025-03-11 17:00:00,40.387949077507486
2025-03-11 18:00:00,53.07687844734721
2025-03-11 19:00:00,19.03303859236598
2025-03-11 20:00:00,23.651475562476488
2025-03-11 21:00:00,24.563948155767356
2025-03-11 22:00:00,22.994932694443882
2025-03-11 23:00:00,7.136759374563903
2025-03-12 00:00:00,8.80746018067322
2025-03-12 01:00:00,7.951608787218167
2025-03-12 02:00:00,6.192596278539744
2025-03-12 03:00:00,8.648718563443206
2025-03-12 04:00:00,5.641920417680395
2025-03-12 05:00:00,10.375358776923127
2025-03-12 06:00:00,7.070765405403214
2025-03-12 07:00:00,8.402319311745678
2025-03-12 08:00:00,46.41643935773071
2025-03-12 09:00:00,58.705475131479616
2025-03-12 10:00:00,47.933469007376374
2025-03-12 11:00:00,42.62548171688738
2025-03-12 12:00:00,49.35648648728622
2025-03-12 13:00:00,38.27010159876626
2025-03-12 14:00:00,45.63189789773206
2025-03-12 15:00:00,54.694644995291426
2025-03-12 16:00:00,39.99834337697213
2025-03-12 17:00:00,41.61127514737574
2025-03-12 18:00:00,47.569539248294575
2025-03-12 19:00:00,20.538745345818793
2025-03-12 20:00:00,21.051890297820677
2025-03-12 21:00:00,21.46756139044299
2025-03-12 22:00:00,21.90416440568531
2025-03-12 23:00:00,10.219399683912446
2025-03-13 00:00:00,8.819637313857026
2025-03-13 01:00:00,7.517484690762915
2025-03-13 02:00:00,9.345147402405463
2025-03-13 03:00:00,11.799763869790432
2025-03-13 04:00:00,7.7347325072348525
2025-03-13 05:00:00,6.050941390658717
2025-03-13 06:00:00,10.214161338573945
2025-03-13 07:00:00,7.759237672092803
2025-03-13 08:00:00,34.13665226992982
2025-03-13 09:00:00,64.23710838575211
2025-03-13 10:00:00,42.32335907023039
2025-03-13 11:00:00,44.5473335884792
2025-03-13 12:00:00,46.65990165284507
2025-03-13 13:00:00,45.95249839889533
2025-03-13 14:00:00,48.547259085695195
2025-03-13 15:00:00,42.82256814715078
2025-03-13 16:00:00,47.565528990880416
2025-03-13 17:00:00,43.702266612080415
2025-03-13 18:00:00,48.694052404437514
2025-03-13 19:00:00,21.846102452039162
2025-03-13 20:00:00,17.193683893866215
2025-03-13 21:00:00,23.257946348525095
2025-03-13 22:00:00,18.392109664657855
2025-03-13 23:00:00,9.61611559656229
2025-03-14 00:00:00,8.734574626802681
2025-03-14 01:00:00,11.676367353590244
2025-03-14 02:00:00,7.553068035256295
2025-03-14 03:00:00,7.301366407763605
2025-03-14 04:00:00,7.961160788224535
2025-03-14 05:00:00,7.3936404343314495
2025-03-14 06:00:00,9.5998838038841
2025-03-14 07:00:00,4.767378783126825
2025-03-14 08:00:00,39.73158790426823
2025-03-14 09:00:00,54.66098539210404
2025-03-14 10:00:00,49.751537959867875
2025-03-14 11:00:00,53.553066862909624
2025-03-14 12:00:00,44.47775390731264
2025-03-14 13:00:00,44.155891384049944
2025-03-14 14:00:00,45.35026081556591
2025-03-14 15:00:00,50.80939151304095
2025-03-14 16:00:00,40.36323432904713
2025-03-14 17:00:00,46.191844913673926
2025-03-14 18:00:00,49.87598814891215
2025-03-14 19:00:00,21.503282509819535
2025-03-14 20:00:00,20.56874484979623
2025-03-14 21:00:00,23.003138277701424
2025-03-14 22:00:00,11.890303121002288
2025-03-14 23:00:00,9.355750639061815
2025-03-15 00:00:00,10.691848633745153
2025-03-15 01:00:00,8.338734206287086
2025-03-15 02:00:00,13.022405199049961
2025-03-15 03:00:00,14.747317090325915
2025-03-15 04:00:00,11.725102970744617
2025-03-15 05:00:00,13.905749094405877
2025-03-15 06:00:00,15.22455651597729
2025-03-15 07:00:00,14.629828907168095
2025-03-15 08:00:00,15.279929058742786
2025-03-15 09:00:00,13.484254982143785
2025-03-15 10:00:00,12.150867277803185
2025-03-15 11:00:00,8.796068376205664
2025-03-15 12:00:00,11.507875023740104
2025-03-15 13:00:00,10.313506809367617
2025-03-15 14:00:00,16.34188543499563
2025-03-15 15:00:00,11.648228375135327
2025-03-15 16:00:00,12.246409613568972
2025-03-15 17:00:00,13.102970752080935
2025-03-15 18:00:00,12.087204892744907
2025-03-15 19:00:00,15.390102080861507
2025-03-15 20:00:00,10.754701276531096
2025-03-15 21:00:00,12.389214910474486
2025-03-15 22:00:00,10.515058828603904
2025-03-15 23:00:00,9.359954977558589
2025-03-16 00:00:00,10.776461818189428
2025-03-16 01:00:00,11.925926405903176
2025-03-16 02:00:00,11.14139555096548
2025-03-16 03:00:00,10.615158040252288
2025-03-16 04:00:00,9.187365072656332
2025-03-16 05:00:00,11.833788854742611
2025-03-16 06:00:00,8.990559251937995
2025-03-16 07:00:00,13.520111927379205
2025-03-16 08:00:00,12.164879505869006
2025-03-16 09:00:00,9.08489700107014
2025-03-16 10:00:00,11.381581845900273
2025-03-16 11:00:00,10.495687188818835
2025-03-16 12:00:00,12.63834902083836
2025-03-16 13:00:00,14.680900892046289
2025-03-16 14:00:00,8.24965506070851
2025-03-16 15:00:00,12.230052158294834
2025-03-16 16:00:00,11.67973440886672
2025-03-16 17:00:00,13.34268015290093
2025-03-16 18:00:00,12.426393256475379
2025-03-16 19:00:00,10.496061336522361
2025-03-16 20:00:00,11.361892128666764
2025-03-16 21:00:00,10.407948286393022
2025-03-16 22:00:00,14.152014277197196
2025-03-16 23:00:00,12.042623297343884
2025-03-17 00:00:00,11.802381371506016
2025-03-17 01:00:00,7.878678372370758
2025-03-17 02:00:00,6.583186466179074
2025-03-17 03:00:00,4.972571214774346
2025-03-17 04:00:00,4.393720647488109
2025-03-17 05:00:00,4.831728113989021
2025-03-17 06:00:00,8.534253302022966
2025-03-17 07:00:00,9.017450046459867
2025-03-17 08:00:00,37.094046489839336
2025-03-17 09:00:00,64.47519157038057
2025-03-17 10:00:00,42.5846947415828
2025-03-17 11:00:00,45.73396505992775
2025-03-17 12:00:00,53.06110314127712
2025-03-17 13:00:00,49.48419657932766
2025-03-17 14:00:00,43.65734676047084
2025-03-17 15:00:00,40.544038872923565
2025-03-17 16:00:00,34.24092299335348
2025-03-17 17:00:00,41.4042334037879
2025-03-17 18:00:00,43.94434880586153
2025-03-17 19:00:00,17.038461418546447
2025-03-17 20:00:00,19.606229098723087
2025-03-17 21:00:00,20.230555648876305
2025-03-17 22:00:00,19.325432054575764
2025-03-17 23:00:00,6.6999948383530805
2025-03-18 00:00:00,8.337309343933455
2025-03-18 01:00:00,8.883881299138817
2025-03-18 02:00:00,5.819201845114308
2025-03-18 03:00:00,10.82186475949254
2025-03-18 04:00:00,7.802823735431477
2025-03-18 05:00:00,8.037699245889696
2025-03-18 06:00:00,9.416428846513114
2025-03-18 07:00:00,8.466432262527004
2025-03-18 08:00:00,49.76568316956622
2025-03-18 09:00:00,61.43562082600912
2025-03-18 10:00:00,41.93781312679781
2025-03-18 11:00:00,46.80751762603051
2025-03-18 12:00:00,39.28136896339669
2025-03-18 13:00:00,45.542798528882614
2025-03-18 14:00:00,44.8338500467777
2025-03-18 15:00:00,43.9594157136373
2025-03-18 16:00:00,44.357312442805345
2025-03-18 17:00:00,35.5907547725118
2025-03-18 18:00:00,42.25637546129519
2025-03-18 19:00:00,20.278534703423343
2025-03-18 20:00:00,20.4795691759922
2025-03-18 21:00:00,16.916974577222128
2025-03-18 22:00:00,23.797123522594102
2025-03-18 23:00:00,6.267650303570998
2025-03-19 00:00:00,9.938914401053474
2025-03-19 01:00:00,8.85438872374337
2025-03-19 02:00:00,6.707545380312394
2025-03-19 03:00:00,11.550621785219024
2025-03-19 04:00:00,5.6127263364870394
2025-03-19 05:00:00,9.838308347220003
2025-03-19 06:00:00,10.001164636085957
2025-03-19 07:00:00,6.65875958184671
2025-03-19 08:00:00,51.962326500321645
2025-03-19 09:00:00,58.74976742700524
2025-03-19 10:00:00,46.44346814639928
2025-03-19 11:00:00,46.3016091938561
2025-03-19 12:00:00,44.32845629264726
2025-03-19 13:00:00,49.05404136579891
2025-03-19 14:00:00,48.967443602761065
2025-03-19 15:00:00,36.257340133809095
2025-03-19 16:00:00,51.52170121439076
2025-03-19 17:00:00,36.68754005982163
2025-03-19 18:00:00,50.16273102170829
2025-03-19 19:00:00,23.38011541048275
2025-03-19 20:00:00,16.727100709354406
2025-03-19 21:00:00,18.767557136136247
2025-03-19 22:00:00,16.682885994542193
2025-03-19 23:00:00,7.570157939422529
2025-03-20 00:00:00,7.383931431628517
2025-03-20 01:00:00,9.559321064538679
2025-03-20 02:00:00,10.620617492239216
2025-03-20 03:00:00,10.791367621579912
2025-03-20 04:00:00,6.875663946843396
2025-03-20 05:00:00,7.581556252510945
2025-03-20 06:00:00,4.6331236155581
2025-03-20 07:00:00,6.388259867007623
2025-03-20 08:00:00,49.82425816548729
2025-03-20 09:00:00,68.07791411774116
2025-03-20 10:00:00,38.82825564060039
2025-03-20 11:00:00,42.03767870423553
2025-03-20 12:00:00,44.867971215205365
2025-03-20 13:00:00,46.400805794098034
2025-03-20 14:00:00,40.95198240039177
2025-03-20 15:00:00,47.12030522232045
2025-03-20 16:00:00,42.63080326464542
2025-03-20 17:00:00,44.927738645608606
2025-03-20 18:00:00,47.7314212400185
2025-03-20 19:00:00,20.019266809432814
2025-03-20 20:00:00,18.690842328420295
2025-03-20 21:00:00,19.67117058822251
2025-03-20 22:00:00,19.734911122383995
2025-03-20 23:00:00,7.2599779402357445
2025-03-21 00:00:00,7.482407874665795
2025-03-21 01:00:00,11.197294341009433
2025-03-21 02:00:00,9.121838895882478
2025-03-21 03:00:00,7.409039363941679
2025-03-21 04:00:00,9.393908809021472
2025-03-21 05:00:00,7.33236102048798
2025-03-21 06:00:00,10.346249275173282
2025-03-21 07:00:00,8.739284384396187
2025-03-21 08:00:00,44.46348927997886
2025-03-21 09:00:00,62.23858462905139
2025-03-21 10:00:00,37.145619239657506
2025-03-21 11:00:00,39.36616265545097
2025-03-21 12:00:00,39.03037496800472
2025-03-21 13:00:00,45.714715473818536
2025-03-21 14:00:00,53.66257499742546
2025-03-21 15:00:00,56.15650073096316
2025-03-21 16:00:00,48.19025550720379
2025-03-21 17:00:00,47.50422237472228
2025-03-21 18:00:00,35.9947113292363
2025-03-21 19:00:00,18.371978600797934
2025-03-21 20:00:00,17.636648744275284
2025-03-21 21:00:00,18.13745720524665
2025-03-21 22:00:00,19.495568544245632
2025-03-21 23:00:00,7.055818844605746
2025-03-22 00:00:00,8.041400379248424
2025-03-22 01:00:00,13.495820512235067
2025-03-22 02:00:00,9.854513948520387
2025-03-22 03:00:00,12.478493728222299
2025-03-22 04:00:00,16.148165339499947
2025-03-22 05:00:00,10.161230816827153
2025-03-22 06:00:00,6.9394249545073405
2025-03-22 07:00:00,11.427991556239778
2025-03-22 08:00:00,14.201919269997141
2025-03-22 09:00:00,15.916694908441187
2025-03-22 10:00:00,9.540900811095167
2025-03-22 11:00:00,12.993398446473044
2025-03-22 12:00:00,11.069379086439893
2025-03-22 13:00:00,11.788103291391728
2025-03-22 14:00:00,17.28868669403407
2025-03-22 15:00:00,8.994059343209694
2025-03-22 16:00:00,12.507479322989147
2025-03-22 17:00:00,12.935386343530867
2025-03-22 18:00:00,14.171572649878694
2025-03-22 19:00:00,12.195966306941791
2025-03-22 20:00:00,12.616101079008205
2025-03-22 21:00:00,11.216702865156417
2025-03-22 22:00:00,12.538253882490215
2025-03-22 23:00:00,11.313615449005178
2025-03-23 00:00:00,13.243143779712101
2025-03-23 01:00:00,11.260779327912733
2025-03-23 02:00:00,12.754200787804374
2025-03-23 03:00:00,11.941474372630044
2025-03-23 04:00:00,14.252100501544337
2025-03-23 05:00:00,11.897212552823028
2025-03-23 06:00:00,8.453935063586236
2025-03-23 07:00:00,14.523843001427984
2025-03-23 08:00:00,10.188535398274762
2025-03-23 09:00:00,10.69246732270236
2025-03-23 10:00:00,10.808677411913015
2025-03-23 11:00:00,14.748876186341635
2025-03-23 12:00:00,7.728651572042609
2025-03-23 13:00:00,18.27549706731999
2025-03-23 14:00:00,14.112113618132103
2025-03-23 15:00:00,12.446477828258319
2025-03-23 16:00:00,11.890211998767427
2025-03-23 17:00:00,12.571108149715315
2025-03-23 18:00:00,13.042244856758677
2025-03-23 19:00:00,13.290431171900114
2025-03-23 20:00:00,13.111208932006896
2025-03-23 21:00:00,12.179161362510497
2025-03-23 22:00:00,11.605323159385348
2025-03-23 23:00:00,11.697453432692976
2025-03-24 00:00:00,7.610183439294638
2025-03-24 01:00:00,10.26754019373413
2025-03-24 02:00:00,9.187113444561724
2025-03-24 03:00:00,2.1192227306714395
2025-03-24 04:00:00,9.311801553059523
2025-03-24 05:00:00,8.38947238943755
2025-03-24 06:00:00,7.962582487108206
2025-03-24 07:00:00,7.222963093822228
2025-03-24 08:00:00,50.620563599930065
2025-03-24 09:00:00,64.73763231061429
2025-03-24 10:00:00,41.135611660881956
2025-03-24 11:00:00,47.03526143562267
2025-03-24 12:00:00,40.14171632729357
2025-03-24 13:00:00,38.101909176055344
2025-03-24 14:00:00,41.86641387705018
2025-03-24 15:00:00,49.311967361913794
2025-03-24 16:00:00,49.76562522688043
2025-03-24 17:00:00,47.56542710048647
2025-03-24 18:00:00,48.625478934239986
2025-03-24 19:00:00,21.548534861344876
2025-03-24 20:00:00,18.075555214331143
2025-03-24 21:00:00,21.29576763402182
2025-03-24 22:00:00,22.401228575683046
2025-03-24 23:00:00,9.508582659627148
2025-03-25 00:00:00,10.377826742949285
2025-03-25 01:00:00,9.416607694402128
2025-03-25 02:00:00,8.702896415083165
2025-03-25 03:00:00,10.140300476632856
2025-03-25 04:00:00,7.9469574815018795
2025-03-25 05:00:00,6.236250697544564
2025-03-25 06:00:00,7.673866072112472
2025-03-25 07:00:00,6.510194710387102
2025-03-25 08:00:00,41.624108625128095
2025-03-25 09:00:00,59.27740664642241
2025-03-25 10:00:00,41.03790039500019
2025-03-25 11:00:00,43.4601923518048
2025-03-25 12:00:00,35.53192666523107
2025-03-25 13:00:00,46.06646853686469
2025-03-25 14:00:00,45.00602737681112
2025-03-25 15:00:00,40.914556844659046
2025-03-25 16:00:00,48.296228342162024
2025-03-25 17:00:00,49.68785068813279
2025-03-25 18:00:00,36.96220067815513
2025-03-25 19:00:00,17.711825664301358
2025-03-25 20:00:00,17.692572950638105
2025-03-25 21:00:00,17.180290696673406
2025-03-25 22:00:00,22.488424525795246
2025-03-25 23:00:00,7.612347722454393
2025-03-26 00:00:00,7.470970317378779
2025-03-26 01:00:00,3.992275271186493
2025-03-26 02:00:00,9.270836060418453
2025-03-26 03:00:00,5.521483210293055
2025-03-26 04:00:00,8.119865260532656
2025-03-26 05:00:00,8.554753875916383
2025-03-26 06:00:00,10.721317191677302
2025-03-26 07:00:00,5.382359201761776
2025-03-26 08:00:00,29.90243922089587
2025-03-26 09:00:00,60.91924772376847
2025-03-26 10:00:00,54.00255590755427
2025-03-26 11:00:00,51.19473176469719
2025-03-26 12:00:00,46.04829707637313
2025-03-26 13:00:00,42.54181907183976
2025-03-26 14:00:00,49.03561298318655
2025-03-26 15:00:00,40.13226900147766
2025-03-26 16:00:00,47.3817888467811
2025-03-26 17:00:00,47.52735079583314
2025-03-26 18:00:00,50.3010495374944
2025-03-26 19:00:00,28.278980116733234
2025-03-26 20:00:00,21.1772479015363
2025-03-26 21:00:00,18.473109122877503
2025-03-26 22:00:00,19.923277063424017
2025-03-26 23:00:00,4.4618481902217635
2025-03-27 00:00:00,6.610573737821884
2025-03-27 01:00:00,7.181435123773792
2025-03-27 02:00:00,6.951823204130815
2025-03-27 03:00:00,8.304709744067445
2025-03-27 04:00:00,6.355160135235598
2025-03-27 05:00:00,10.242061334648943
2025-03-27 06:00:00,8.000414129836393
2025-03-27 07:00:00,7.981399357722771
2025-03-27 08:00:00,43.36052641743541
2025-03-27 09:00:00,60.77595341929489
2025-03-27 10:00:00,49.125491323338174
2025-03-27 11:00:00,40.664348921445495
2025-03-27 12:00:00,41.70941755462372
2025-03-27 13:00:00,43.48136985611668
2025-03-27 14:00:00,38.27064538263392
2025-03-27 15:00:00,40.90371070139251
2025-03-27 16:00:00,42.618895632276704
2025-03-27 17:00:00,49.371945903563635
2025-03-27 18:00:00,46.31280664500962
2025-03-27 19:00:00,20.580769734102635
2025-03-27 20:00:00,22.552693886503917
2025-03-27 21:00:00,19.58788463480181
2025-03-27 22:00:00,21.17139454978667
2025-03-27 23:00:00,7.793556494135007
2025-03-28 00:00:00,8.530724698799258
2025-03-28 01:00:00,6.834482684776836
2025-03-28 02:00:00,3.122365683447142
2025-03-28 03:00:00,7.731441675627392
2025-03-28 04:00:00,10.845496272199881
2025-03-28 05:00:00,9.852430804483184
2025-03-28 06:00:00,9.930794969182342
2025-03-28 07:00:00,10.472261443612435
2025-03-28 08:00:00,45.44328795480719
2025-03-28 09:00:00,60.98657853702798
2025-03-28 10:00:00,41.91174052282825
2025-03-28 11:00:00,43.41963571986475
2025-03-28 12:00:00,48.07885574885571
2025-03-28 13:00:00,51.01942218584408
2025-03-28 14:00:00,44.302768621595
2025-03-28 15:00:00,42.74905367574294
2025-03-28 16:00:00,45.002639794282985
2025-03-28 17:00:00,48.00603374464558
2025-03-28 18:00:00,37.78072591933229
2025-03-28 19:00:00,13.111457140588286
2025-03-28 20:00:00,18.34838945152525
2025-03-28 21:00:00,16.337862722257526
2025-03-28 22:00:00,18.475579407058067
2025-03-28 23:00:00,7.704439362365057
2025-03-29 00:00:00,11.093503181953974
2025-03-29 01:00:00,14.90493506894149
2025-03-29 02:00:00,12.65348952920464
2025-03-29 03:00:00,12.600948719221657
2025-03-29 04:00:00,13.244414288086803
2025-03-29 05:00:00,9.722333764438462
2025-03-29 06:00:00,14.078223574840537
2025-03-29 07:00:00,11.84847142692908
2025-03-29 08:00:00,13.340961234482425
2025-03-29 09:00:00,9.856285533919689
2025-03-29 10:00:00,8.892482467967872
2025-03-29 11:00:00,13.635779316050057
2025-03-29 12:00:00,12.752819052195033
2025-03-29 13:00:00,10.19589689128498
2025-03-29 14:00:00,10.26067383745061
2025-03-29 15:00:00,14.25086956882954
2025-03-29 16:00:00,9.621176214265343
2025-03-29 17:00:00,15.285345906511926
2025-03-29 18:00:00,10.198758530704263
2025-03-29 19:00:00,13.276783851216766
2025-03-29 20:00:00,11.34276304850203
2025-03-29 21:00:00,13.206374862164687
2025-03-29 22:00:00,10.911771995771614
2025-03-29 23:00:00,11.674414187855412
2025-03-30 00:00:00,12.081838350791442
2025-03-30 01:00:00,9.995625088437055
2025-03-30 02:00:00,13.481648690840252
2025-03-30 03:00:00,10.973572867056829
2025-03-30 04:00:00,11.542800169319962
2025-03-30 05:00:00,10.011301250782976
2025-03-30 06:00:00,6.875332682409379
2025-03-30 07:00:00,11.617944474799662
2025-03-30 08:00:00,16.82523084322583
2025-03-30 09:00:00,13.569208575796047
2025-03-30 10:00:00,11.961479240531212
2025-03-30 11:00:00,11.474218341583464
2025-03-30 12:00:00,12.044931785624092
2025-03-30 13:00:00,13.09423823035042
2025-03-30 14:00:00,9.63837436938231
2025-03-30 15:00:00,14.228643389337744
2025-03-30 16:00:00,13.430762630882487
2025-03-30 17:00:00,13.43637145141587
2025-03-30 18:00:00,12.876951477619455
2025-03-30 19:00:00,12.03923331538798
2025-03-30 20:00:00,13.34572247193364
2025-03-30 21:00:00,13.183628267482757
2025-03-30 22:00:00,11.291918578117953
2025-03-30 23:00:00,10.852796454206198
2025-03-31 00:00:00,8.203712590523974
2025-03-31 01:00:00,11.098040302990375
2025-03-31 02:00:00,5.521785848692199
2025-03-31 03:00:00,5.06494946849512
2025-03-31 04:00:00,8.329521682473034
2025-03-31 05:00:00,8.101775403712036
2025-03-31 06:00:00,8.346683328740816
2025-03-31 07:00:00,8.487906395817001
2025-03-31 08:00:00,43.883988726825976
2025-03-31 09:00:00,67.44931719301042
2025-03-31 10:00:00,36.995480107617425
2025-03-31 11:00:00,40.85751487609877
2025-03-31 12:00:00,44.48372619925476
2025-03-31 13:00:00,36.784055944229166
2025-03-31 14:00:00,44.12072797783964
2025-03-31 15:00:00,53.30735082864009
2025-03-31 16:00:00,45.10443244147981
2025-03-31 17:00:00,46.153504528593416
2025-03-31 18:00:00,38.6991761741371
2025-03-31 19:00:00,18.15091577588157
2025-03-31 20:00:00,18.87441085902819
2025-03-31 21:00:00,19.0468547097313
2025-03-31 22:00:00,23.844931385011307
2025-03-31 23:00:00,9.11538212145025
